Ring_No,Ringed_date,Ringed_day,Ringed_month,Ringed_year,EurAgeCode,EurAgeText,SEX
15551,7/12/1975,12,7,1975,1,Pullus,0
15552,7/12/1975,12,7,1975,1,Pullus,0
15553,7/12/1975,12,7,1975,1,Pullus,0
15554,6/20/1976,20,6,1976,1,Pullus,0
15555,6/20/1976,20,6,1976,1,Pullus,0
15556,6/20/1976,20,6,1976,1,Pullus,0
15557,6/20/1976,20,6,1976,1,Pullus,0
15558,7/25/1976,25,7,1976,1,Pullus,0
15559,6/15/1978,15,6,1978,1,Pullus,0
15560,6/15/1978,15,6,1978,1,Pullus,0
15561,6/15/1978,15,6,1978,1,Pullus,0
15562,6/15/1978,15,6,1978,1,Pullus,0
15563,7/6/1978,6,7,1978,1,Pullus,0
15564,7/6/1978,6,7,1978,1,Pullus,0
15565,7/6/1978,6,7,1978,1,Pullus,0
15566,7/6/1978,6,7,1978,1,Pullus,0
15567,6/26/1982,26,6,1982,1,Pullus,0
15568,6/26/1982,26,6,1982,1,Pullus,0
15569,6/26/1982,26,6,1982,1,Pullus,0
15570,6/26/1982,26,6,1982,1,Pullus,0
15653,6/12/1985,12,6,1985,1,Pullus,0
15654,6/12/1985,12,6,1985,1,Pullus,0
15655,6/13/1985,13,6,1985,1,Pullus,0
15656,6/13/1985,13,6,1985,1,Pullus,0
15657,6/13/1985,13,6,1985,1,Pullus,0
15658,6/13/1985,13,6,1985,1,Pullus,0
15659,6/15/1985,15,6,1985,1,Pullus,0
15660,6/15/1985,15,6,1985,1,Pullus,0
15661,6/15/1985,15,6,1985,1,Pullus,0
15664,6/24/1990,24,6,1990,1,Pullus,0
15665,6/22/1985,22,6,1985,1,Pullus,0
15666,6/22/1985,22,6,1985,1,Pullus,0
15667,6/29/1985,29,6,1985,1,Pullus,0
15668,6/29/1985,29,6,1985,1,Pullus,0
15669,6/29/1985,29,6,1985,1,Pullus,0
15670,6/29/1985,29,6,1985,1,Pullus,0
15671,6/29/1985,29,6,1985,1,Pullus,0
15672,6/18/1985,18,6,1985,1,Pullus,0
15673,6/18/1985,18,6,1985,1,Pullus,0
15674,6/24/1990,24,6,1990,1,Pullus,0
15675,6/24/1990,24,6,1990,1,Pullus,0
15801,6/20/1985,20,6,1985,1,Pullus,M
15802,6/20/1985,20,6,1985,1,Pullus,M
15803,6/21/1985,21,6,1985,1,Pullus,M
15804,6/21/1985,21,6,1985,1,Pullus,M
15805,6/25/1985,25,6,1985,1,Pullus,M
15806,6/28/1985,28,6,1985,1,Pullus,M
15807,6/28/1985,28,6,1985,1,Pullus,M
15808,6/28/1985,28,6,1985,1,Pullus,M
15809,6/28/1985,28,6,1985,1,Pullus,M
15818,6/11/1986,11,6,1986,1,Pullus,M
15819,6/12/1986,12,6,1986,1,Pullus,M
15820,6/22/1986,22,6,1986,1,Pullus,M
15821,6/24/1986,24,6,1986,1,Pullus,M
15822,6/26/1986,26,6,1986,1,Pullus,M
15823,6/26/1986,26,6,1986,1,Pullus,M
15824,6/21/1987,21,6,1987,1,Pullus,M
15825,6/23/1987,23,6,1987,1,Pullus,M
15826,6/23/1987,23,6,1987,1,Pullus,M
15827,6/26/1987,26,6,1987,1,Pullus,M
15828,6/26/1987,26,6,1987,1,Pullus,M
15829,6/26/1987,26,6,1987,1,Pullus,M
15830,6/26/1987,26,6,1987,1,Pullus,M
15831,6/26/1987,26,6,1987,1,Pullus,M
15832,6/28/1987,28,6,1987,1,Pullus,M
15833,6/26/1991,26,6,1991,1,Pullus,0
15834,6/26/1991,26,6,1991,1,Pullus,0
15835,6/26/1991,26,6,1991,1,Pullus,0
15836,6/26/1991,26,6,1991,1,Pullus,0
15837,6/27/1991,27,6,1991,1,Pullus,0
15838,6/30/1991,30,6,1991,1,Pullus,0
15839,6/30/1991,30,6,1991,1,Pullus,0
15948,6/17/1986,17,6,1986,1,Pullus,0
15952,6/21/1988,21,6,1988,1,Pullus,M
15953,6/22/1988,22,6,1988,1,Pullus,M
15954,6/22/1988,22,6,1988,1,Pullus,M
15955,6/23/1988,23,6,1988,1,Pullus,M
15956,6/23/1988,23,6,1988,1,Pullus,F
15957,6/23/1988,23,6,1988,1,Pullus,M
15958,6/24/1988,24,6,1988,1,Pullus,M
15959,6/25/1988,25,6,1988,1,Pullus,M
15960,6/25/1988,25,6,1988,1,Pullus,M
15961,6/25/1988,25,6,1988,1,Pullus,M
15962,7/9/1988,9,7,1988,1,Pullus,M
15963,7/9/1988,9,7,1988,1,Pullus,M
15964,7/9/1988,9,7,1988,1,Pullus,M
15965,7/10/1988,10,7,1988,1,Pullus,M
15966,7/10/1988,10,7,1988,1,Pullus,M
15967,7/11/1988,11,7,1988,1,Pullus,M
15968,7/11/1988,11,7,1988,1,Pullus,M
15969,7/14/1988,14,7,1988,1,Pullus,M
15970,6/23/1989,23,6,1989,1,Pullus,M
15971,6/24/1989,24,6,1989,1,Pullus,M
15972,6/24/1989,24,6,1989,1,Pullus,M
15973,6/24/1989,24,6,1989,1,Pullus,M
15974,6/24/1989,24,6,1989,1,Pullus,M
15975,6/24/1989,24,6,1989,1,Pullus,M
15976,6/24/1989,24,6,1989,1,Pullus,M
15977,6/25/1989,25,6,1989,1,Pullus,M
15978,6/25/1989,25,6,1989,1,Pullus,M
15979,6/25/1989,25,6,1989,1,Pullus,M
15980,6/25/1989,25,6,1989,1,Pullus,M
15981,6/25/1989,25,6,1989,1,Pullus,M
15982,6/26/1989,26,6,1989,1,Pullus,M
15983,6/26/1989,26,6,1989,1,Pullus,M
15984,6/26/1989,26,6,1989,1,Pullus,M
15985,6/26/1989,26,6,1989,1,Pullus,M
15986,6/26/1989,26,6,1989,1,Pullus,M
15987,6/27/1989,27,6,1989,1,Pullus,M
15988,6/27/1989,27,6,1989,1,Pullus,M
15989,6/27/1989,27,6,1989,1,Pullus,M
15990,6/27/1989,27,6,1989,1,Pullus,M
15991,6/27/1989,27,6,1989,1,Pullus,M
15992,6/29/1989,29,6,1989,1,Pullus,M
15993,6/29/1989,29,6,1989,1,Pullus,M
15994,6/29/1989,29,6,1989,1,Pullus,M
15995,7/2/1989,2,7,1989,1,Pullus,M
15996,6/15/1990,15,6,1990,1,Pullus,M
15997,6/16/1990,16,6,1990,1,Pullus,M
15998,6/18/1990,18,6,1990,1,Pullus,M
15999,6/20/1990,20,6,1990,1,Pullus,M
16000,6/20/1990,20,6,1990,1,Pullus,M
16151,6/14/1973,14,6,1973,1,Pullus,0
16152,6/14/1973,14,6,1973,1,Pullus,0
16200,6/29/1975,29,6,1975,1,Pullus,0
16297,6/15/1987,15,6,1987,1,Pullus,M
16298,6/15/1987,15,6,1987,1,Pullus,M
16299,6/17/1987,17,6,1987,1,Pullus,M
17551,6/2/1982,2,6,1982,8,Hatched 3 or more years ago - exact year unknown,F
17552,6/8/1982,8,6,1982,8,Hatched 3 or more years ago - exact year unknown,F
17561,6/26/1998,26,6,1998,1,Pullus,M
17562,6/26/1998,26,6,1998,1,Pullus,M
17563,6/26/1998,26,6,1998,1,Pullus,M
17564,6/26/1998,26,6,1998,1,Pullus,M
17565,6/27/1998,27,6,1998,1,Pullus,M
17566,6/27/1998,27,6,1998,1,Pullus,M
17567,6/28/1998,28,6,1998,1,Pullus,M
17568,6/27/1998,27,6,1998,1,Pullus,M
17569,6/28/1998,28,6,1998,1,Pullus,M
17570,6/29/1998,29,6,1998,1,Pullus,M
17571,6/29/1998,29,6,1998,1,Pullus,M
17572,6/19/1999,19,6,1999,1,Pullus,M
17573,6/19/1999,19,6,1999,1,Pullus,M
17574,6/19/1999,19,6,1999,1,Pullus,M
17575,6/21/1999,21,6,1999,1,Pullus,M
17576,6/21/1999,21,6,1999,1,Pullus,M
17577,6/22/1999,22,6,1999,1,Pullus,M
17578,6/23/1999,23,6,1999,1,Pullus,M
17579,6/23/1999,23,6,1999,1,Pullus,M
17580,6/23/1999,23,6,1999,1,Pullus,M
17581,6/23/1999,23,6,1999,1,Pullus,M
17582,6/24/1999,24,6,1999,1,Pullus,M
17583,6/24/1999,24,6,1999,1,Pullus,M
17584,6/24/1999,24,6,1999,1,Pullus,M
17585,6/24/1999,24,6,1999,1,Pullus,M
17586,6/25/1999,25,6,1999,1,Pullus,M
17587,6/25/1999,25,6,1999,1,Pullus,M
17588,6/26/1999,26,6,1999,1,Pullus,M
17589,6/26/1999,26,6,1999,1,Pullus,M
17590,6/26/1999,26,6,1999,1,Pullus,M
17591,6/27/1999,27,6,1999,1,Pullus,M
17592,6/27/1999,27,6,1999,1,Pullus,M
17594,6/19/2000,19,6,2000,1,Pullus,M
17595,6/19/2000,19,6,2000,1,Pullus,M
17596,6/20/2000,20,6,2000,1,Pullus,M
17597,6/21/2000,21,6,2000,1,Pullus,M
17598,6/24/2000,24,6,2000,1,Pullus,M
17599,6/24/2000,24,6,2000,1,Pullus,M
17600,6/24/2000,24,6,2000,1,Pullus,M
17614,6/9/1982,9,6,1982,1,Pullus,M
17615,6/9/1982,9,6,1982,1,Pullus,M
17620,6/14/1982,14,6,1982,1,Pullus,M
17621,6/14/1982,14,6,1982,1,Pullus,M
17622,6/16/1982,16,6,1982,1,Pullus,M
17623,6/16/1982,16,6,1982,1,Pullus,M
17624,6/16/1982,16,6,1982,1,Pullus,M
17625,6/16/1982,16,6,1982,1,Pullus,M
17626,6/16/1982,16,6,1982,1,Pullus,M
17627,6/17/1982,17,6,1982,1,Pullus,M
17628,6/17/1982,17,6,1982,1,Pullus,M
17629,6/17/1982,17,6,1982,1,Pullus,M
17630,6/21/1982,21,6,1982,1,Pullus,M
17631,7/1/1982,1,7,1982,1,Pullus,M
17632,6/20/1982,20,6,1982,1,Pullus,M
17633,7/4/1983,4,7,1983,1,Pullus,M
17634,7/4/1983,4,7,1983,1,Pullus,M
17635,7/5/1983,5,7,1983,1,Pullus,M
17636,7/8/1983,8,7,1983,1,Pullus,M
17637,7/16/1983,16,7,1983,1,Pullus,M
17638,7/19/1983,19,7,1983,1,Pullus,M
17639,7/19/1983,19,7,1983,1,Pullus,M
17640,7/29/1983,29,7,1983,1,Pullus,M
17641,7/29/1983,29,7,1983,1,Pullus,M
17645,6/25/1984,25,6,1984,1,Pullus,M
17646,6/25/1984,25,6,1984,1,Pullus,M
17647,6/25/1984,25,6,1984,1,Pullus,M
17648,7/1/1984,1,7,1984,1,Pullus,M
17649,7/6/1984,6,7,1984,1,Pullus,M
17650,7/6/1984,6,7,1984,1,Pullus,M
17659,6/28/1988,28,6,1988,1,Pullus,0
17660,6/28/1988,28,6,1988,1,Pullus,0
17661,7/1/1992,1,7,1992,1,Pullus,0
17662,7/1/1992,1,7,1992,1,Pullus,0
17663,7/1/1992,1,7,1992,1,Pullus,0
17701,7/15/1990,15,7,1990,1,Pullus,M
17702,7/21/1990,21,7,1990,1,Pullus,M
17703,7/21/1990,21,7,1990,1,Pullus,M
17704,6/21/1991,21,6,1991,1,Pullus,0
17705,6/22/1991,22,6,1991,1,Pullus,0
17706,6/23/1991,23,6,1991,1,Pullus,0
17707,6/23/1991,23,6,1991,1,Pullus,0
17708,6/23/1991,23,6,1991,1,Pullus,0
17709,6/24/1991,24,6,1991,1,Pullus,0
17710,6/24/1991,24,6,1991,1,Pullus,0
17711,6/24/1991,24,6,1991,1,Pullus,0
17712,6/24/1991,24,6,1991,1,Pullus,0
17713,6/24/1991,24,6,1991,1,Pullus,0
17714,6/26/1991,26,6,1991,1,Pullus,0
17715,6/28/1991,28,6,1991,1,Pullus,0
17716,6/28/1991,28,6,1991,1,Pullus,0
17717,6/29/1991,29,6,1991,1,Pullus,0
17718,6/29/1991,29,6,1991,1,Pullus,0
17719,6/29/1991,29,6,1991,1,Pullus,0
17720,6/29/1991,29,6,1991,1,Pullus,0
17721,6/23/1995,23,6,1995,1,Pullus,0
17722,6/23/1995,23,6,1995,1,Pullus,0
17723,6/27/1995,27,6,1995,1,Pullus,0
17724,6/27/1995,27,6,1995,1,Pullus,0
17725,6/28/1995,28,6,1995,1,Pullus,0
17726,6/28/1995,28,6,1995,1,Pullus,0
17727,6/29/1995,29,6,1995,1,Pullus,0
17728,6/29/1995,29,6,1995,1,Pullus,0
17729,6/29/1995,29,6,1995,1,Pullus,0
17730,7/2/1995,2,7,1995,1,Pullus,0
17731,7/3/1995,3,7,1995,1,Pullus,0
17732,7/3/1995,3,7,1995,1,Pullus,0
17733,7/3/1995,3,7,1995,1,Pullus,0
17734,7/3/1995,3,7,1995,1,Pullus,0
17735,7/3/1995,3,7,1995,1,Pullus,0
17736,7/5/1995,5,7,1995,1,Pullus,0
17737,7/5/1995,5,7,1995,1,Pullus,0
17738,7/5/1995,5,7,1995,1,Pullus,0
17739,7/5/1995,5,7,1995,1,Pullus,0
17740,6/22/1996,22,6,1996,1,Pullus,M
17741,6/22/1996,22,6,1996,1,Pullus,M
17742,6/22/1996,22,6,1996,1,Pullus,M
17743,6/22/1996,22,6,1996,1,Pullus,M
17744,6/24/1996,24,6,1996,1,Pullus,M
17745,6/24/1996,24,6,1996,1,Pullus,M
17746,6/24/1996,24,6,1996,1,Pullus,M
17747,6/24/1996,24,6,1996,1,Pullus,0
17748,6/24/1996,24,6,1996,1,Pullus,M
17749,6/24/1996,24,6,1996,1,Pullus,M
17750,6/22/1996,22,6,1996,1,Pullus,M
17801,7/12/1984,12,7,1984,1,Pullus,M
17802,7/12/1984,12,7,1984,1,Pullus,M
17803,7/30/1984,30,7,1984,1,Pullus,0
17808,5/11/1985,11,5,1985,8,Hatched 3 or more years ago - exact year unknown,M
17814,6/8/1985,8,6,1985,1,Pullus,M
17815,6/9/1985,9,6,1985,1,Pullus,F
17816,6/9/1985,9,6,1985,1,Pullus,M
17817,6/9/1985,9,6,1985,1,Pullus,M
17818,6/10/1985,10,6,1985,1,Pullus,M
17819,6/11/1985,11,6,1985,1,Pullus,M
17820,6/11/1985,11,6,1985,1,Pullus,M
17821,6/13/1985,13,6,1985,1,Pullus,M
17822,6/13/1985,13,6,1985,1,Pullus,M
17823,6/13/1985,13,6,1985,1,Pullus,M
17824,6/15/1985,15,6,1985,1,Pullus,F
17825,6/15/1985,15,6,1985,1,Pullus,M
17826,6/15/1985,15,6,1985,1,Pullus,M
17827,6/17/1985,17,6,1985,1,Pullus,M
17828,6/17/1985,17,6,1985,1,Pullus,M
17829,6/18/1985,18,6,1985,1,Pullus,0
17830,6/18/1985,18,6,1985,1,Pullus,0
17831,6/18/1985,18,6,1985,1,Pullus,M
17832,6/20/1985,20,6,1985,1,Pullus,M
17833,6/22/1985,22,6,1985,1,Pullus,M
17834,6/24/1985,24,6,1985,1,Pullus,0
17835,6/24/1985,24,6,1985,1,Pullus,0
17836,6/24/1985,24,6,1985,1,Pullus,M
17837,6/24/1985,24,6,1985,1,Pullus,M
17838,6/24/1985,24,6,1985,1,Pullus,M
17839,6/25/1985,25,6,1985,1,Pullus,M
17840,6/25/1985,25,6,1985,1,Pullus,M
17841,6/26/1985,26,6,1985,1,Pullus,M
17842,6/26/1985,26,6,1985,1,Pullus,M
17843,6/27/1985,27,6,1985,1,Pullus,0
17844,6/29/1985,29,6,1985,1,Pullus,M
17845,6/29/1985,29,6,1985,1,Pullus,M
17846,6/29/1985,29,6,1985,1,Pullus,M
17847,6/29/1985,29,6,1985,1,Pullus,M
17848,6/29/1985,29,6,1985,1,Pullus,M
17849,7/1/1985,1,7,1985,1,Pullus,M
17850,7/2/1985,2,7,1985,1,Pullus,0
17851,7/2/1985,2,7,1985,1,Pullus,0
17852,7/2/1985,2,7,1985,1,Pullus,M
17853,7/2/1985,2,7,1985,1,Pullus,0
17854,6/13/1986,13,6,1986,1,Pullus,0
17855,6/21/1986,21,6,1986,1,Pullus,M
17856,5/10/1987,10,5,1987,8,Hatched 3 or more years ago - exact year unknown,M
17857,5/11/1987,11,5,1987,8,Hatched 3 or more years ago - exact year unknown,M
17858,5/22/1987,22,5,1987,8,Hatched 3 or more years ago - exact year unknown,M
17859,6/10/1987,10,6,1987,1,Pullus,0
17860,6/11/1987,11,6,1987,1,Pullus,0
17861,6/14/1987,14,6,1987,1,Pullus,0
17862,6/14/1987,14,6,1987,1,Pullus,0
17863,6/14/1987,14,6,1987,1,Pullus,0
17864,6/14/1987,14,6,1987,1,Pullus,0
17865,6/14/1987,14,6,1987,1,Pullus,0
17866,6/14/1987,14,6,1987,1,Pullus,0
17867,6/15/1987,15,6,1987,1,Pullus,0
17868,6/16/1987,16,6,1987,1,Pullus,0
17869,6/17/1987,17,6,1987,1,Pullus,0
17870,6/17/1987,17,6,1987,1,Pullus,0
17871,6/17/1987,17,6,1987,1,Pullus,0
17872,6/17/1987,17,6,1987,1,Pullus,0
17873,6/17/1987,17,6,1987,1,Pullus,0
17874,6/17/1987,17,6,1987,1,Pullus,0
17875,6/18/1987,18,6,1987,1,Pullus,0
17876,6/18/1987,18,6,1987,1,Pullus,0
17877,6/18/1987,18,6,1987,1,Pullus,0
17878,6/18/1987,18,6,1987,1,Pullus,0
17879,6/19/1987,19,6,1987,1,Pullus,0
17880,6/19/1987,19,6,1987,1,Pullus,0
17881,6/19/1987,19,6,1987,1,Pullus,0
17882,6/19/1987,19,6,1987,1,Pullus,0
17883,6/20/1987,20,6,1987,1,Pullus,0
17884,6/21/1987,21,6,1987,1,Pullus,0
17885,6/21/1987,21,6,1987,1,Pullus,0
17886,6/21/1987,21,6,1987,1,Pullus,0
17887,6/22/1987,22,6,1987,1,Pullus,0
17888,6/22/1987,22,6,1987,1,Pullus,0
17889,6/23/1987,23,6,1987,1,Pullus,0
17890,6/23/1987,23,6,1987,1,Pullus,0
17891,6/24/1987,24,6,1987,1,Pullus,0
17892,6/25/1987,25,6,1987,1,Pullus,0
17893,6/25/1987,25,6,1987,1,Pullus,0
17894,6/25/1987,25,6,1987,1,Pullus,0
17895,7/14/1987,14,7,1987,1,Pullus,0
17896,6/16/1988,16,6,1988,1,Pullus,M
17897,6/17/1988,17,6,1988,1,Pullus,M
17898,6/21/1988,21,6,1988,1,Pullus,M
17899,6/21/1988,21,6,1988,1,Pullus,M
17900,6/21/1988,21,6,1988,1,Pullus,M
17929,6/3/1984,3,6,1984,1,Pullus,F
17930,6/7/1984,7,6,1984,1,Pullus,M
17931,6/8/1984,8,6,1984,1,Pullus,M
17932,6/8/1984,8,6,1984,1,Pullus,F
17933,6/9/1984,9,6,1984,1,Pullus,M
17936,6/14/1984,14,6,1984,1,Pullus,M
17937,6/16/1984,16,6,1984,1,Pullus,M
17938,6/16/1984,16,6,1984,1,Pullus,M
17939,6/18/1984,18,6,1984,1,Pullus,M
17940,6/19/1984,19,6,1984,1,Pullus,M
17942,6/19/1984,19,6,1984,1,Pullus,M
17943,6/19/1984,19,6,1984,1,Pullus,M
17944,6/19/1984,19,6,1984,1,Pullus,M
17945,6/21/1984,21,6,1984,1,Pullus,M
17946,6/21/1984,21,6,1984,1,Pullus,M
17947,6/21/1984,21,6,1984,1,Pullus,M
17948,6/22/1984,22,6,1984,1,Pullus,M
17961,6/27/2004,27,6,2004,1,Pullus,M
17963,6/21/2005,21,6,2005,1,Pullus,M
17964,6/21/2005,21,6,2005,1,Pullus,M
17965,6/21/2005,21,6,2005,1,Pullus,0
17966,6/21/2005,21,6,2005,1,Pullus,M
17967,6/21/2005,21,6,2005,1,Pullus,M
17968,6/21/2005,21,6,2005,1,Pullus,M
17969,6/22/2005,22,6,2005,1,Pullus,M
17970,6/22/2005,22,6,2005,1,Pullus,M
17971,6/22/2005,22,6,2005,1,Pullus,M
17972,6/22/2005,22,6,2005,1,Pullus,M
17973,6/24/2005,24,6,2005,1,Pullus,M
17974,6/25/2005,25,6,2005,1,Pullus,M
17975,6/29/2005,29,6,2005,1,Pullus,M
17976,6/29/2005,29,6,2005,1,Pullus,M
17977,6/30/2005,30,6,2005,1,Pullus,M
17978,6/30/2005,30,6,2005,1,Pullus,M
17979,6/21/2006,21,6,2006,1,Pullus,M
17980,6/25/2006,25,6,2006,1,Pullus,M
17983,6/19/2007,19,6,2007,1,Pullus,0
17984,6/19/2007,19,6,2007,1,Pullus,0
17985,6/19/2007,19,6,2007,1,Pullus,M
17986,6/19/2007,19,6,2007,1,Pullus,M
17987,6/19/2007,19,6,2007,1,Pullus,0
17988,6/20/2007,20,6,2007,1,Pullus,M
17989,6/20/2007,20,6,2007,1,Pullus,M
17990,6/20/2007,20,6,2007,1,Pullus,M
17991,6/21/2007,21,6,2007,1,Pullus,M
17992,6/21/2007,21,6,2007,1,Pullus,M
17993,6/22/2007,22,6,2007,1,Pullus,M
17994,6/24/2007,24,6,2007,1,Pullus,M
17995,6/24/2007,24,6,2007,1,Pullus,M
17996,6/25/2007,25,6,2007,1,Pullus,M
17997,6/25/2007,25,6,2007,1,Pullus,M
17998,6/25/2007,25,6,2007,1,Pullus,M
17999,6/25/2007,25,6,2007,1,Pullus,M
18000,6/25/2007,25,6,2007,1,Pullus,M
18001,6/20/1990,20,6,1990,1,Pullus,M
18002,6/20/1990,20,6,1990,1,Pullus,M
18003,6/21/1990,21,6,1990,1,Pullus,0
18004,6/21/1990,21,6,1990,1,Pullus,0
18005,6/21/1990,21,6,1990,1,Pullus,M
18006,6/22/1990,22,6,1990,1,Pullus,0
18007,6/26/1990,26,6,1990,1,Pullus,0
18008,6/26/1990,26,6,1990,1,Pullus,0
18009,6/26/1990,26,6,1990,1,Pullus,0
18010,6/26/1990,26,6,1990,1,Pullus,0
18011,6/27/1990,27,6,1990,1,Pullus,0
18012,6/27/1990,27,6,1990,1,Pullus,0
18013,6/26/1992,26,6,1992,1,Pullus,0
18014,6/26/1992,26,6,1992,1,Pullus,0
18015,6/26/1992,26,6,1992,1,Pullus,0
18016,6/26/1992,26,6,1992,1,Pullus,0
18017,6/26/1992,26,6,1992,1,Pullus,0
18018,6/26/1992,26,6,1992,1,Pullus,0
18019,6/27/1992,27,6,1992,1,Pullus,0
18020,6/27/1992,27,6,1992,1,Pullus,0
18021,6/30/1992,30,6,1992,1,Pullus,0
18022,7/1/1992,1,7,1992,1,Pullus,0
18023,7/1/1992,1,7,1992,1,Pullus,0
18024,7/2/1992,2,7,1992,1,Pullus,0
18025,7/2/1992,2,7,1992,1,Pullus,0
18026,7/2/1992,2,7,1992,1,Pullus,0
18027,7/7/1992,7,7,1992,1,Pullus,0
18028,7/7/1992,7,7,1992,1,Pullus,0
18029,6/18/1994,18,6,1994,1,Pullus,0
18030,6/19/1994,19,6,1994,1,Pullus,0
18031,6/19/1994,19,6,1994,1,Pullus,0
18032,6/21/1994,21,6,1994,1,Pullus,0
18033,6/21/1994,21,6,1994,1,Pullus,0
18034,6/21/1994,21,6,1994,1,Pullus,0
18035,6/27/1994,27,6,1994,1,Pullus,0
18036,6/28/1994,28,6,1994,1,Pullus,0
18037,7/7/1994,7,7,1994,1,Pullus,0
18038,7/7/1994,7,7,1994,1,Pullus,0
18039,7/8/1994,8,7,1994,1,Pullus,0
18040,7/8/1994,8,7,1994,1,Pullus,0
18041,7/11/1994,11,7,1994,1,Pullus,0
18042,7/11/1994,11,7,1994,1,Pullus,0
18043,7/12/1994,12,7,1994,1,Pullus,0
18045,6/21/1995,21,6,1995,1,Pullus,0
18046,6/21/1995,21,6,1995,1,Pullus,0
18047,6/22/1995,22,6,1995,1,Pullus,0
18048,6/22/1995,22,6,1995,1,Pullus,0
18049,6/23/1995,23,6,1995,1,Pullus,0
18050,6/23/1995,23,6,1995,1,Pullus,0
19799,7/13/1999,13,7,1999,1,Pullus,0
19800,7/13/1999,13,7,1999,1,Pullus,0
110101,6/7/1978,7,6,1978,1,Pullus,0
110102,6/7/1978,7,6,1978,1,Pullus,0
110103,6/9/1978,9,6,1978,1,Pullus,0
110104,6/9/1978,9,6,1978,1,Pullus,0
110105,7/1/1980,1,7,1980,1,Pullus,0
110106,7/1/1980,1,7,1980,1,Pullus,0
110107,6/19/1984,19,6,1984,1,Pullus,F
110108,6/19/1984,19,6,1984,1,Pullus,F
110109,6/21/1984,21,6,1984,1,Pullus,F
110110,6/22/1984,22,6,1984,1,Pullus,F
110111,6/22/1984,22,6,1984,1,Pullus,F
110112,6/26/1984,26,6,1984,1,Pullus,F
110113,7/1/1984,1,7,1984,1,Pullus,F
110114,7/11/1984,11,7,1984,1,Pullus,F
110115,7/12/1984,12,7,1984,1,Pullus,F
110116,7/12/1984,12,7,1984,1,Pullus,F
110117,5/13/1985,13,5,1985,8,Hatched 3 or more years ago - exact year unknown,F
110118,5/14/1985,14,5,1985,8,Hatched 3 or more years ago - exact year unknown,F
110119,5/16/1985,16,5,1985,8,Hatched 3 or more years ago - exact year unknown,F
110120,6/8/1985,8,6,1985,1,Pullus,F
110121,6/8/1985,8,6,1985,1,Pullus,F
110122,6/9/1985,9,6,1985,1,Pullus,F
110123,6/9/1985,9,6,1985,1,Pullus,M
110124,6/9/1985,9,6,1985,1,Pullus,M
110125,6/9/1985,9,6,1985,1,Pullus,M
110126,6/9/1985,9,6,1985,1,Pullus,F
110127,6/9/1985,9,6,1985,1,Pullus,F
110128,6/10/1985,10,6,1985,1,Pullus,F
110129,6/10/1985,10,6,1985,1,Pullus,M
110130,6/11/1985,11,6,1985,1,Pullus,F
110137,6/25/2002,25,6,2002,1,Pullus,F
110138,6/25/2002,25,6,2002,1,Pullus,M
110139,6/25/2002,25,6,2002,1,Pullus,M
110140,6/25/2002,25,6,2002,1,Pullus,M
110153,6/9/1981,9,6,1981,1,Pullus,F
110154,6/9/1981,9,6,1981,1,Pullus,M
110155,6/9/1981,9,6,1981,1,Pullus,M
110156,6/10/1981,10,6,1981,1,Pullus,M
110157,6/10/1981,10,6,1981,1,Pullus,M
110158,6/10/1981,10,6,1981,1,Pullus,M
110159,6/10/1981,10,6,1981,1,Pullus,F
110160,6/11/1981,11,6,1981,1,Pullus,M
110161,6/11/1981,11,6,1981,1,Pullus,F
110162,6/11/1981,11,6,1981,1,Pullus,M
110163,6/11/1981,11,6,1981,1,Pullus,M
110164,6/11/1981,11,6,1981,8,Hatched 3 or more years ago - exact year unknown,F
110165,6/11/1981,11,6,1981,1,Pullus,F
110166,6/11/1981,11,6,1981,1,Pullus,M
110167,6/11/1981,11,6,1981,1,Pullus,F
110168,6/11/1981,11,6,1981,1,Pullus,F
110169,6/11/1981,11,6,1981,1,Pullus,M
110170,6/11/1981,11,6,1981,1,Pullus,F
110171,6/13/1981,13,6,1981,1,Pullus,M
110172,6/13/1981,13,6,1981,1,Pullus,M
110173,6/13/1981,13,6,1981,1,Pullus,F
110174,6/13/1981,13,6,1981,1,Pullus,F
110175,6/13/1981,13,6,1981,1,Pullus,F
110176,6/13/1981,13,6,1981,1,Pullus,M
110177,6/16/1981,16,6,1981,1,Pullus,M
110178,6/16/1981,16,6,1981,1,Pullus,F
110179,6/16/1981,16,6,1981,1,Pullus,M
110184,6/17/1981,17,6,1981,1,Pullus,F
110185,6/17/1981,17,6,1981,1,Pullus,F
110186,6/22/1981,22,6,1981,1,Pullus,F
110187,6/22/1981,22,6,1981,1,Pullus,F
110188,6/22/1981,22,6,1981,1,Pullus,F
110189,6/24/1981,24,6,1981,1,Pullus,F
110190,6/29/1981,29,6,1981,1,Pullus,M
110191,6/29/1981,29,6,1981,1,Pullus,F
110192,6/29/1981,29,6,1981,1,Pullus,F
110193,7/1/1981,1,7,1981,1,Pullus,M
110194,7/1/1981,1,7,1981,1,Pullus,M
110195,7/1/1981,1,7,1981,1,Pullus,F
112501,6/8/1982,8,6,1982,1,Pullus,F
112502,6/8/1982,8,6,1982,1,Pullus,M
112503,6/8/1982,8,6,1982,1,Pullus,F
112504,6/8/1982,8,6,1982,1,Pullus,M
112505,6/9/1982,9,6,1982,1,Pullus,F
112506,6/13/1982,13,6,1982,1,Pullus,F
112507,6/13/1982,13,6,1982,1,Pullus,F
112508,6/13/1982,13,6,1982,1,Pullus,F
112509,6/13/1982,13,6,1982,1,Pullus,F
112510,6/14/1982,14,6,1982,1,Pullus,F
112511,6/14/1982,14,6,1982,1,Pullus,F
112512,6/16/1982,16,6,1982,1,Pullus,F
112513,6/16/1982,16,6,1982,1,Pullus,F
112514,6/16/1982,16,6,1982,1,Pullus,F
112515,6/17/1982,17,6,1982,1,Pullus,F
112516,6/17/1982,17,6,1982,1,Pullus,F
112517,6/17/1982,17,6,1982,1,Pullus,F
112518,6/17/1982,17,6,1982,1,Pullus,F
112519,6/17/1982,17,6,1982,1,Pullus,F
112520,6/21/1982,21,6,1982,1,Pullus,F
112521,6/21/1982,21,6,1982,1,Pullus,F
112522,6/30/1982,30,6,1982,1,Pullus,F
112523,6/30/1982,30,6,1982,1,Pullus,F
112524,7/1/1982,1,7,1982,1,Pullus,F
112525,7/1/1982,1,7,1982,1,Pullus,F
112526,7/1/1982,1,7,1982,1,Pullus,F
112527,7/6/1982,6,7,1982,1,Pullus,F
112528,6/21/1983,21,6,1983,8,Hatched 3 or more years ago - exact year unknown,F
112529,6/30/1983,30,6,1983,1,Pullus,0
112530,7/2/1983,2,7,1983,1,Pullus,F
112531,7/4/1983,4,7,1983,1,Pullus,F
112532,7/4/1983,4,7,1983,1,Pullus,F
112533,7/5/1983,5,7,1983,1,Pullus,F
112534,7/5/1983,5,7,1983,1,Pullus,F
112535,7/8/1983,8,7,1983,1,Pullus,F
112536,7/8/1983,8,7,1983,1,Pullus,F
112537,7/16/1983,16,7,1983,1,Pullus,F
112538,7/16/1983,16,7,1983,1,Pullus,F
112540,6/3/1984,3,6,1984,1,Pullus,M
112541,6/3/1984,3,6,1984,1,Pullus,F
112542,6/7/1984,7,6,1984,1,Pullus,F
112543,6/7/1984,7,6,1984,1,Pullus,F
112544,6/8/1984,8,6,1984,1,Pullus,F
112545,6/9/1984,9,6,1984,1,Pullus,F
112546,6/9/1984,9,6,1984,1,Pullus,F
112547,6/9/1984,9,6,1984,1,Pullus,M
112548,6/14/1984,14,6,1984,1,Pullus,F
112549,6/14/1984,14,6,1984,1,Pullus,M
112550,6/18/1984,18,6,1984,1,Pullus,F
112551,6/11/1985,11,6,1985,1,Pullus,F
112552,6/13/1985,13,6,1985,1,Pullus,F
112553,6/15/1985,15,6,1985,1,Pullus,F
112554,6/15/1985,15,6,1985,1,Pullus,F
112555,6/17/1985,17,6,1985,1,Pullus,F
112556,6/18/1985,18,6,1985,1,Pullus,0
112557,6/18/1985,18,6,1985,1,Pullus,F
112558,6/18/1985,18,6,1985,1,Pullus,M
112559,6/18/1985,18,6,1985,1,Pullus,M
112560,6/24/1985,24,6,1985,1,Pullus,0
112561,6/24/1985,24,6,1985,1,Pullus,0
112562,6/24/1985,24,6,1985,1,Pullus,F
112563,6/24/1985,24,6,1985,1,Pullus,F
112564,6/24/1985,24,6,1985,1,Pullus,F
112565,6/25/1985,25,6,1985,1,Pullus,F
112566,6/25/1985,25,6,1985,1,Pullus,F
112567,6/25/1985,25,6,1985,1,Pullus,F
112568,6/25/1985,25,6,1985,1,Pullus,F
112569,6/25/1985,25,6,1985,1,Pullus,F
112570,6/26/1985,26,6,1985,1,Pullus,F
112571,6/26/1985,26,6,1985,1,Pullus,F
112572,6/27/1985,27,6,1985,1,Pullus,0
112573,6/27/1985,27,6,1985,1,Pullus,0
112574,7/2/1985,2,7,1985,1,Pullus,0
112575,6/29/1985,29,6,1985,1,Pullus,0
112576,6/29/1985,29,6,1985,1,Pullus,0
112577,6/29/1985,29,6,1985,1,Pullus,F
112578,7/2/1985,2,7,1985,1,Pullus,F
112579,7/2/1985,2,7,1985,1,Pullus,F
112580,7/8/1985,8,7,1985,1,Pullus,F
112581,7/7/1985,7,7,1985,1,Pullus,F
112582,7/8/1985,8,7,1985,1,Pullus,F
112583,7/8/1985,8,7,1985,1,Pullus,0
112584,7/8/1985,8,7,1985,1,Pullus,0
112585,6/10/1986,10,6,1986,1,Pullus,0
112586,6/10/1986,10,6,1986,1,Pullus,0
112587,6/10/1986,10,6,1986,1,Pullus,0
112588,6/10/1986,10,6,1986,1,Pullus,0
112589,6/12/1986,12,6,1986,1,Pullus,0
112590,6/12/1986,12,6,1986,1,Pullus,0
112591,6/12/1986,12,6,1986,1,Pullus,0
112592,6/13/1986,13,6,1986,1,Pullus,0
112593,6/13/1986,13,6,1986,1,Pullus,0
112594,6/13/1986,13,6,1986,1,Pullus,0
112595,6/13/1986,13,6,1986,1,Pullus,0
112596,6/13/1986,13,6,1986,1,Pullus,0
112597,6/14/1986,14,6,1986,1,Pullus,0
112598,6/14/1986,14,6,1986,1,Pullus,0
112599,6/14/1986,14,6,1986,1,Pullus,0
112600,6/14/1986,14,6,1986,1,Pullus,0
113252,6/17/1986,17,6,1986,1,Pullus,0
113253,6/25/1987,25,6,1987,1,Pullus,0
113254,6/25/1987,25,6,1987,1,Pullus,0
113255,6/25/1987,25,6,1987,1,Pullus,0
113256,5/2/1988,2,5,1988,8,Hatched 3 or more years ago - exact year unknown,F
113257,5/11/1988,11,5,1988,8,Hatched 3 or more years ago - exact year unknown,F
113258,5/13/1988,13,5,1988,8,Hatched 3 or more years ago - exact year unknown,F
113259,5/21/1988,21,5,1988,8,Hatched 3 or more years ago - exact year unknown,F
113260,6/16/1988,16,6,1988,1,Pullus,0
113261,6/16/1988,16,6,1988,1,Pullus,0
113262,6/16/1988,16,6,1988,1,Pullus,0
113263,6/16/1988,16,6,1988,1,Pullus,0
113264,6/17/1988,17,6,1988,1,Pullus,0
113265,6/17/1988,17,6,1988,1,Pullus,0
113266,6/20/1988,20,6,1988,1,Pullus,0
113267,6/20/1988,20,6,1988,1,Pullus,0
113268,6/20/1988,20,6,1988,1,Pullus,0
113269,6/20/1988,20,6,1988,1,Pullus,0
113270,6/20/1988,20,6,1988,1,Pullus,F
113271,6/21/1988,21,6,1988,1,Pullus,F
113272,6/21/1988,21,6,1988,1,Pullus,F
113273,6/22/1988,22,6,1988,1,Pullus,F
113274,6/22/1988,22,6,1988,1,Pullus,F
113275,6/22/1988,22,6,1988,1,Pullus,F
113276,6/22/1988,22,6,1988,1,Pullus,F
113277,6/22/1988,22,6,1988,1,Pullus,F
113278,6/22/1988,22,6,1988,1,Pullus,F
113279,6/23/1988,23,6,1988,1,Pullus,F
113280,6/23/1988,23,6,1988,1,Pullus,F
113281,6/24/1988,24,6,1988,1,Pullus,0
113282,6/24/1988,24,6,1988,1,Pullus,0
113283,6/25/1988,25,6,1988,1,Pullus,F
113284,6/25/1988,25,6,1988,1,Pullus,0
113285,6/25/1988,25,6,1988,1,Pullus,0
113286,6/25/1988,25,6,1988,1,Pullus,0
113287,7/9/1988,9,7,1988,1,Pullus,F
113288,7/9/1988,9,7,1988,1,Pullus,F
113289,7/9/1988,9,7,1988,1,Pullus,F
113290,7/10/1988,10,7,1988,1,Pullus,F
113291,7/10/1988,10,7,1988,1,Pullus,F
113292,7/11/1988,11,7,1988,1,Pullus,F
113293,7/14/1988,14,7,1988,1,Pullus,F
113295,6/23/1989,23,6,1989,1,Pullus,F
113296,6/23/1989,23,6,1989,1,Pullus,0
113297,6/23/1989,23,6,1989,1,Pullus,0
113298,6/24/1989,24,6,1989,1,Pullus,0
113299,6/24/1989,24,6,1989,1,Pullus,0
113300,6/24/1989,24,6,1989,1,Pullus,0
113357,6/21/1983,21,6,1983,1,Pullus,0
113358,6/21/1983,21,6,1983,1,Pullus,0
113461,6/23/1996,23,6,1996,1,Pullus,F
113462,6/23/1996,23,6,1996,1,Pullus,F
113463,6/24/1996,24,6,1996,1,Pullus,F
113464,6/24/1996,24,6,1996,1,Pullus,F
113465,6/24/1996,24,6,1996,1,Pullus,F
113466,6/24/1996,24,6,1996,1,Pullus,F
113467,6/26/1996,26,6,1996,1,Pullus,F
113468,6/27/1996,27,6,1996,1,Pullus,F
113469,6/24/1996,24,6,1996,1,Pullus,F
113470,6/27/1996,27,6,1996,1,Pullus,F
113471,6/23/1986,23,6,1986,1,Pullus,M
113472,6/23/1986,23,6,1986,1,Pullus,F
113473,6/23/1986,23,6,1986,1,Pullus,M
113474,6/23/1986,23,6,1986,1,Pullus,F
113475,6/24/1986,24,6,1986,1,Pullus,F
113476,6/24/1986,24,6,1986,1,Pullus,M
113477,6/24/1986,24,6,1986,1,Pullus,M
113478,6/27/1986,27,6,1986,1,Pullus,0
113479,6/27/1986,27,6,1986,1,Pullus,0
113480,7/3/1986,3,7,1986,1,Pullus,F
113481,7/3/1986,3,7,1986,1,Pullus,F
113482,7/3/1986,3,7,1986,1,Pullus,M
113483,5/5/1987,5,5,1987,8,Hatched 3 or more years ago - exact year unknown,F
113484,5/12/1987,12,5,1987,8,Hatched 3 or more years ago - exact year unknown,F
113485,5/14/1987,14,5,1987,8,Hatched 3 or more years ago - exact year unknown,F
113486,5/15/1987,15,5,1987,8,Hatched 3 or more years ago - exact year unknown,F
113487,5/16/1987,16,5,1987,8,Hatched 3 or more years ago - exact year unknown,F
113488,5/18/1987,18,5,1987,8,Hatched 3 or more years ago - exact year unknown,F
113489,5/19/1987,19,5,1987,8,Hatched 3 or more years ago - exact year unknown,F
113490,5/20/1987,20,5,1987,8,Hatched 3 or more years ago - exact year unknown,F
113501,6/20/1985,20,6,1985,1,Pullus,F
113502,6/21/1985,21,6,1985,1,Pullus,F
113503,6/22/1985,22,6,1985,1,Pullus,F
113504,6/22/1985,22,6,1985,1,Pullus,F
113505,6/26/1985,26,6,1985,1,Pullus,F
113506,6/29/1985,29,6,1985,1,Pullus,F
113507,7/2/1985,2,7,1985,1,Pullus,F
113508,7/2/1985,2,7,1985,1,Pullus,F
113509,7/2/1985,2,7,1985,1,Pullus,F
113510,6/10/1986,10,6,1986,1,Pullus,F
113511,6/17/1987,17,6,1987,1,Pullus,F
113512,6/10/1986,10,6,1986,1,Pullus,F
113513,6/11/1986,11,6,1986,1,Pullus,F
113514,6/12/1986,12,6,1986,1,Pullus,F
113515,6/12/1986,12,6,1986,1,Pullus,F
113516,6/22/1986,22,6,1986,1,Pullus,F
113517,6/24/1986,24,6,1986,1,Pullus,F
113518,6/17/1987,17,6,1987,1,Pullus,F
113519,6/17/1987,17,6,1987,1,Pullus,F
113520,6/21/1987,21,6,1987,1,Pullus,F
113521,6/26/1986,26,6,1986,1,Pullus,F
113522,6/27/1991,27,6,1991,1,Pullus,0
113523,6/30/1991,30,6,1991,1,Pullus,0
113524,6/30/1991,30,6,1991,1,Pullus,0
113531,6/21/1987,21,6,1987,1,Pullus,F
113532,6/23/1987,23,6,1987,1,Pullus,F
113533,6/23/1987,23,6,1987,1,Pullus,F
113534,6/23/1987,23,6,1987,1,Pullus,F
113535,6/26/1987,26,6,1987,1,Pullus,F
113536,6/26/1987,26,6,1987,1,Pullus,F
113537,6/28/1987,28,6,1987,1,Pullus,F
113538,6/28/1987,28,6,1987,1,Pullus,F
113539,6/15/1991,15,6,1991,1,Pullus,0
113540,6/27/1991,27,6,1991,1,Pullus,0
113651,5/23/1987,23,5,1987,8,Hatched 3 or more years ago - exact year unknown,F
113652,6/11/1987,11,6,1987,1,Pullus,0
113653,6/11/1987,11,6,1987,1,Pullus,0
113654,6/11/1987,11,6,1987,1,Pullus,0
113655,6/14/1987,14,6,1987,1,Pullus,0
113656,6/14/1987,14,6,1987,1,Pullus,0
113657,6/14/1987,14,6,1987,1,Pullus,0
113658,6/14/1987,14,6,1987,1,Pullus,0
113659,6/14/1987,14,6,1987,1,Pullus,0
113660,6/14/1987,14,6,1987,1,Pullus,0
113661,6/15/1987,15,6,1987,1,Pullus,0
113662,6/15/1987,15,6,1987,1,Pullus,0
113663,6/15/1987,15,6,1987,1,Pullus,0
113664,6/15/1987,15,6,1987,1,Pullus,0
113665,6/15/1987,15,6,1987,1,Pullus,0
113666,6/15/1987,15,6,1987,1,Pullus,0
113667,6/15/1987,15,6,1987,1,Pullus,0
113668,6/16/1987,16,6,1987,1,Pullus,0
113669,6/16/1987,16,6,1987,1,Pullus,0
113670,6/16/1987,16,6,1987,1,Pullus,0
113671,6/16/1987,16,6,1987,1,Pullus,0
113672,6/17/1987,17,6,1987,1,Pullus,0
113673,6/17/1987,17,6,1987,1,Pullus,0
113674,6/17/1987,17,6,1987,1,Pullus,0
113675,6/17/1987,17,6,1987,1,Pullus,0
113676,6/17/1987,17,6,1987,1,Pullus,0
113677,6/17/1987,17,6,1987,1,Pullus,0
113678,6/18/1987,18,6,1987,1,Pullus,0
113679,6/18/1987,18,6,1987,1,Pullus,0
113680,6/19/1987,19,6,1987,1,Pullus,0
113681,6/19/1987,19,6,1987,1,Pullus,0
113682,6/19/1987,19,6,1987,1,Pullus,0
113683,6/20/1987,20,6,1987,1,Pullus,0
113684,6/21/1987,21,6,1987,1,Pullus,0
113685,6/21/1987,21,6,1987,1,Pullus,0
113686,6/21/1987,21,6,1987,1,Pullus,0
113687,6/21/1987,21,6,1987,1,Pullus,0
113688,6/21/1987,21,6,1987,1,Pullus,0
113689,6/21/1987,21,6,1987,1,Pullus,0
113690,6/21/1987,21,6,1987,1,Pullus,0
113691,6/21/1987,21,6,1987,1,Pullus,0
113692,6/22/1987,22,6,1987,1,Pullus,0
113693,6/22/1987,22,6,1987,1,Pullus,0
113694,6/22/1987,22,6,1987,1,Pullus,0
113695,6/23/1987,23,6,1987,1,Pullus,0
113696,6/23/1987,23,6,1987,1,Pullus,0
113697,6/23/1987,23,6,1987,1,Pullus,0
113698,6/24/1987,24,6,1987,1,Pullus,0
113699,6/24/1987,24,6,1987,1,Pullus,0
113700,6/25/1987,25,6,1987,1,Pullus,0
113701,7/15/1990,15,7,1990,1,Pullus,F
113702,7/21/1990,21,7,1990,1,Pullus,F
113703,6/24/1991,24,6,1991,1,Pullus,0
113704,6/28/1991,28,6,1991,1,Pullus,0
113705,6/24/1991,24,6,1991,1,Pullus,0
113706,6/29/1991,29,6,1991,1,Pullus,0
113707,6/29/1991,29,6,1991,1,Pullus,0
113711,6/26/1992,26,6,1992,1,Pullus,0
113712,6/26/1992,26,6,1992,1,Pullus,0
113713,6/26/1992,26,6,1992,1,Pullus,0
113714,6/26/1992,26,6,1992,1,Pullus,0
113715,6/26/1992,26,6,1992,1,Pullus,0
113716,6/27/1992,27,6,1992,1,Pullus,0
113717,6/27/1992,27,6,1992,1,Pullus,0
113718,7/1/1992,1,7,1992,1,Pullus,0
113719,7/1/1992,1,7,1992,1,Pullus,0
113720,7/1/1992,1,7,1992,1,Pullus,0
113721,7/2/1992,2,7,1992,1,Pullus,0
113722,7/2/1992,2,7,1992,1,Pullus,0
113723,7/3/1992,3,7,1992,1,Pullus,0
113724,7/3/1992,3,7,1992,1,Pullus,0
113725,7/7/1992,7,7,1992,1,Pullus,0
114372,7/12/1993,12,7,1993,1,Pullus,0
114373,7/12/1993,12,7,1993,1,Pullus,0
114381,6/30/1994,30,6,1994,1,Pullus,0
114401,6/24/1989,24,6,1989,1,Pullus,F
114402,6/24/1989,24,6,1989,1,Pullus,F
114403,6/25/1989,25,6,1989,1,Pullus,F
114404,6/25/1989,25,6,1989,1,Pullus,F
114405,6/25/1989,25,6,1989,1,Pullus,F
114406,6/25/1989,25,6,1989,1,Pullus,F
114407,6/25/1989,25,6,1989,1,Pullus,F
114408,6/26/1989,26,6,1989,1,Pullus,F
114409,6/26/1989,26,6,1989,1,Pullus,F
114410,6/26/1989,26,6,1989,1,Pullus,F
114411,6/26/1989,26,6,1989,1,Pullus,F
114412,6/26/1989,26,6,1989,1,Pullus,F
114413,6/26/1989,26,6,1989,1,Pullus,F
114414,6/26/1989,26,6,1989,1,Pullus,F
114415,6/27/1989,27,6,1989,1,Pullus,F
114416,6/27/1989,27,6,1989,1,Pullus,F
114417,6/27/1989,27,6,1989,1,Pullus,F
114418,6/27/1989,27,6,1989,1,Pullus,F
114419,6/27/1989,27,6,1989,1,Pullus,F
114420,6/29/1989,29,6,1989,1,Pullus,F
114421,6/29/1989,29,6,1989,1,Pullus,F
114422,6/29/1989,29,6,1989,1,Pullus,F
114423,6/29/1989,29,6,1989,1,Pullus,F
114424,7/2/1989,2,7,1989,1,Pullus,F
114425,6/15/1990,15,6,1990,1,Pullus,0
114426,6/15/1990,15,6,1990,1,Pullus,0
114427,6/15/1990,15,6,1990,1,Pullus,F
114428,6/16/1990,16,6,1990,1,Pullus,0
114429,6/16/1990,16,6,1990,1,Pullus,0
114430,6/18/1990,18,6,1990,1,Pullus,0
114431,6/21/1990,21,6,1990,1,Pullus,F
114432,6/21/1990,21,6,1990,1,Pullus,F
114433,6/21/1990,21,6,1990,1,Pullus,F
114434,6/22/1990,22,6,1990,1,Pullus,0
114435,6/22/1990,22,6,1990,1,Pullus,0
114436,6/22/1990,22,6,1990,1,Pullus,0
114437,6/22/1990,22,6,1990,1,Pullus,0
114438,6/22/1990,22,6,1990,1,Pullus,0
114439,6/25/1990,25,6,1990,1,Pullus,F
114440,6/22/1990,22,6,1990,1,Pullus,0
114441,6/25/1990,25,6,1990,1,Pullus,F
114442,6/27/1990,27,6,1990,1,Pullus,0
114443,6/27/1990,27,6,1990,1,Pullus,0
114444,6/22/1991,22,6,1991,1,Pullus,0
114445,6/22/1991,22,6,1991,1,Pullus,0
114446,6/22/1991,22,6,1991,1,Pullus,0
114447,6/22/1991,22,6,1991,1,Pullus,0
114448,6/22/1991,22,6,1991,1,Pullus,0
114449,6/23/1991,23,6,1991,1,Pullus,0
114450,6/23/1991,23,6,1991,1,Pullus,0
114709,6/18/1994,18,6,1994,1,Pullus,0
114710,6/18/1994,18,6,1994,1,Pullus,0
114711,6/18/1994,18,6,1994,1,Pullus,0
114712,6/19/1994,19,6,1994,1,Pullus,0
114713,6/19/1994,19,6,1994,1,Pullus,0
114714,6/21/1994,21,6,1994,1,Pullus,0
114715,6/21/1994,21,6,1994,1,Pullus,0
114716,6/21/1994,21,6,1994,1,Pullus,0
114717,6/21/1994,21,6,1994,1,Pullus,0
114718,6/21/1994,21,6,1994,1,Pullus,0
114719,6/27/1994,27,6,1994,1,Pullus,0
114720,6/27/1994,27,6,1994,1,Pullus,0
114721,6/28/1994,28,6,1994,1,Pullus,0
114722,7/7/1994,7,7,1994,1,Pullus,0
114723,7/7/1994,7,7,1994,1,Pullus,0
114724,7/8/1994,8,7,1994,1,Pullus,0
114725,7/11/1994,11,7,1994,1,Pullus,0
114726,7/12/1994,12,7,1994,1,Pullus,0
114971,6/21/1995,21,6,1995,1,Pullus,0
114972,6/21/1995,21,6,1995,1,Pullus,0
114973,6/22/1995,22,6,1995,1,Pullus,0
114974,6/22/1995,22,6,1995,1,Pullus,0
114975,6/23/1995,23,6,1995,1,Pullus,0
114976,6/27/1995,27,6,1995,1,Pullus,0
114977,6/27/1995,27,6,1995,1,Pullus,0
114978,6/27/1995,27,6,1995,1,Pullus,0
114979,6/27/1995,27,6,1995,1,Pullus,0
114980,6/29/1995,29,6,1995,1,Pullus,0
114981,6/29/1995,29,6,1995,1,Pullus,0
114982,6/29/1995,29,6,1995,1,Pullus,0
114983,7/2/1995,2,7,1995,1,Pullus,0
114984,7/2/1995,2,7,1995,1,Pullus,0
114985,7/3/1995,3,7,1995,1,Pullus,0
114986,7/3/1995,3,7,1995,1,Pullus,0
114987,7/3/1995,3,7,1995,1,Pullus,0
114988,7/5/1995,5,7,1995,1,Pullus,0
114989,7/5/1995,5,7,1995,1,Pullus,0
114990,7/5/1995,5,7,1995,1,Pullus,0
114995,6/22/1996,22,6,1996,1,Pullus,F
114996,6/22/1996,22,6,1996,1,Pullus,F
114997,6/22/1996,22,6,1996,1,Pullus,F
114998,6/22/1996,22,6,1996,1,Pullus,F
114999,6/22/1996,22,6,1996,1,Pullus,F
115000,6/22/1996,22,6,1996,1,Pullus,F
115201,6/27/1996,27,6,1996,1,Pullus,F
115202,6/28/1996,28,6,1996,1,Pullus,F
115203,6/28/1996,28,6,1996,1,Pullus,F
115204,6/11/1997,11,6,1997,1,Pullus,0
115205,6/11/1997,11,6,1997,1,Pullus,0
115206,6/20/1997,20,6,1997,1,Pullus,0
115207,6/20/1997,20,6,1997,1,Pullus,0
115208,6/20/1997,20,6,1997,1,Pullus,0
115209,6/20/1997,20,6,1997,1,Pullus,0
115210,6/20/1997,20,6,1997,1,Pullus,0
115211,6/20/1997,20,6,1997,1,Pullus,0
115212,6/21/1997,21,6,1997,1,Pullus,0
115213,6/21/1997,21,6,1997,1,Pullus,0
115214,6/21/1997,21,6,1997,1,Pullus,0
115215,6/21/1997,21,6,1997,1,Pullus,0
115216,6/21/1997,21,6,1997,1,Pullus,0
115217,6/21/1997,21,6,1997,1,Pullus,0
115218,6/22/1997,22,6,1997,1,Pullus,0
115219,6/22/1997,22,6,1997,1,Pullus,0
115220,6/23/1997,23,6,1997,1,Pullus,0
115221,6/23/1997,23,6,1997,1,Pullus,0
115222,6/23/1997,23,6,1997,1,Pullus,0
115223,6/23/1997,23,6,1997,1,Pullus,0
115224,6/24/1997,24,6,1997,1,Pullus,0
115225,6/24/1997,24,6,1997,1,Pullus,0
115226,6/25/1997,25,6,1997,1,Pullus,0
115227,6/25/1997,25,6,1997,1,Pullus,0
115228,6/25/1997,25,6,1997,1,Pullus,0
115229,6/26/1997,26,6,1997,1,Pullus,0
115230,6/26/1997,26,6,1997,1,Pullus,0
115231,6/26/1997,26,6,1997,1,Pullus,0
115232,6/26/1997,26,6,1997,1,Pullus,0
115233,6/26/1997,26,6,1997,1,Pullus,0
115234,6/26/1997,26,6,1997,1,Pullus,0
115235,6/27/1997,27,6,1997,1,Pullus,0
115236,6/27/1997,27,6,1997,1,Pullus,0
115237,6/27/1997,27,6,1997,1,Pullus,0
115238,6/27/1997,27,6,1997,1,Pullus,0
115239,6/27/1997,27,6,1997,1,Pullus,0
115240,6/7/1998,7,6,1998,1,Pullus,0
115241,6/7/1998,7,6,1998,1,Pullus,0
115242,6/7/1998,7,6,1998,1,Pullus,0
115243,6/8/1998,8,6,1998,1,Pullus,0
115244,6/8/1998,8,6,1998,1,Pullus,0
115245,6/22/1998,22,6,1998,1,Pullus,F
115246,6/22/1998,22,6,1998,1,Pullus,F
115247,6/22/1998,22,6,1998,1,Pullus,F
115248,6/22/1998,22,6,1998,1,Pullus,F
115249,6/23/1998,23,6,1998,1,Pullus,F
115250,6/24/1998,24,6,1998,1,Pullus,F
115501,6/19/1994,19,6,1994,1,Pullus,F
115502,6/19/1994,19,6,1994,1,Pullus,F
117821,6/25/1998,25,6,1998,1,Pullus,F
117822,6/25/1998,25,6,1998,1,Pullus,F
117823,6/26/1998,26,6,1998,1,Pullus,F
117824,6/27/1998,27,6,1998,1,Pullus,F
117825,6/27/1998,27,6,1998,1,Pullus,F
117826,6/26/1998,26,6,1998,1,Pullus,F
117827,6/27/1998,27,6,1998,1,Pullus,F
117828,6/27/1998,27,6,1998,1,Pullus,0
117829,6/27/1998,27,6,1998,1,Pullus,F
117830,6/27/1998,27,6,1998,1,Pullus,M
117831,6/27/1998,27,6,1998,1,Pullus,F
117832,6/27/1998,27,6,1998,1,Pullus,M
117833,6/27/1998,27,6,1998,1,Pullus,M
117834,6/27/1998,27,6,1998,1,Pullus,M
117835,6/27/1998,27,6,1998,1,Pullus,M
117837,6/19/1999,19,6,1999,1,Pullus,F
117838,6/19/1999,19,6,1999,1,Pullus,F
117839,6/21/1999,21,6,1999,1,Pullus,F
117840,6/19/1999,19,6,1999,1,Pullus,F
117841,6/22/1999,22,6,1999,1,Pullus,F
117842,6/24/1999,24,6,1999,1,Pullus,F
117843,6/24/1999,24,6,1999,1,Pullus,F
117844,6/24/1999,24,6,1999,1,Pullus,F
117845,6/25/1999,25,6,1999,1,Pullus,F
117846,6/25/1999,25,6,1999,1,Pullus,F
117847,6/26/1999,26,6,1999,1,Pullus,F
117848,6/26/1999,26,6,1999,1,Pullus,F
117849,6/26/1999,26,6,1999,1,Pullus,F
117850,6/27/1999,27,6,1999,1,Pullus,F
117901,6/19/2000,19,6,2000,1,Pullus,F
117902,6/19/2000,19,6,2000,1,Pullus,F
117903,6/23/2000,23,6,2000,1,Pullus,0
117904,6/23/2000,23,6,2000,1,Pullus,0
117905,6/23/2000,23,6,2000,1,Pullus,0
117906,6/24/2000,24,6,2000,1,Pullus,F
117907,6/24/2000,24,6,2000,1,Pullus,F
117908,6/24/2000,24,6,2000,1,Pullus,F
117909,6/24/2000,24,6,2000,1,Pullus,F
117910,6/25/2000,25,6,2000,1,Pullus,F
117911,6/19/2000,19,6,2000,1,Pullus,F
117912,6/19/2000,19,6,2000,1,Pullus,F
117913,6/20/2000,20,6,2000,1,Pullus,F
117914,6/20/2000,20,6,2000,1,Pullus,F
117915,6/20/2000,20,6,2000,1,Pullus,F
117916,6/21/2000,21,6,2000,1,Pullus,F
117917,6/21/2000,21,6,2000,1,Pullus,F
117918,6/25/2000,25,6,2000,1,Pullus,0
117919,6/25/2000,25,6,2000,1,Pullus,0
117920,6/25/2000,25,6,2000,1,Pullus,0
117921,6/25/2000,25,6,2000,1,Pullus,0
117922,6/25/2000,25,6,2000,1,Pullus,F
117923,6/25/2000,25,6,2000,1,Pullus,F
117924,6/26/2000,26,6,2000,1,Pullus,0
117925,6/26/2000,26,6,2000,1,Pullus,0
117926,6/26/2000,26,6,2000,1,Pullus,0
117927,6/28/2000,28,6,2000,1,Pullus,0
117928,6/28/2000,28,6,2000,1,Pullus,0
117929,6/28/2000,28,6,2000,1,Pullus,0
117930,6/28/2000,28,6,2000,1,Pullus,0
117931,6/28/2000,28,6,2000,1,Pullus,0
117932,6/29/2000,29,6,2000,1,Pullus,F
117933,6/29/2000,29,6,2000,1,Pullus,F
117935,6/19/2001,19,6,2001,1,Pullus,F
117936,6/19/2001,19,6,2001,1,Pullus,F
117937,6/19/2001,19,6,2001,1,Pullus,F
117938,6/22/2001,22,6,2001,1,Pullus,F
117939,6/25/2001,25,6,2001,1,Pullus,F
117940,6/25/2001,25,6,2001,1,Pullus,F
117941,6/25/2001,25,6,2001,1,Pullus,F
117942,6/25/2001,25,6,2001,1,Pullus,F
117943,6/26/2001,26,6,2001,1,Pullus,F
117944,6/26/2001,26,6,2001,1,Pullus,F
117945,6/28/2001,28,6,2001,1,Pullus,F
117946,6/28/2001,28,6,2001,1,Pullus,F
117947,6/21/2002,21,6,2002,1,Pullus,F
117948,6/21/2002,21,6,2002,1,Pullus,F
117949,6/23/2002,23,6,2002,1,Pullus,F
117950,6/24/2002,24,6,2002,1,Pullus,F
118501,6/28/1993,28,6,1993,1,Pullus,0
118502,6/28/1993,28,6,1993,1,Pullus,0
118504,7/1/1998,1,7,1998,1,Pullus,0
118505,7/1/1998,1,7,1998,1,Pullus,0
118511,6/19/1994,19,6,1994,1,Pullus,M
118512,6/19/1994,19,6,1994,1,Pullus,M
118951,6/24/1996,24,6,1996,1,Pullus,M
118952,6/26/1996,26,6,1996,1,Pullus,M
118953,6/26/1996,26,6,1996,1,Pullus,M
118954,6/26/1996,26,6,1996,1,Pullus,M
118955,6/27/1996,27,6,1996,1,Pullus,M
118956,6/27/1996,27,6,1996,1,Pullus,M
118957,6/28/1996,28,6,1996,1,Pullus,M
118958,6/28/1996,28,6,1996,1,Pullus,M
118959,6/11/1997,11,6,1997,1,Pullus,0
118960,6/20/1997,20,6,1997,1,Pullus,0
118961,6/20/1997,20,6,1997,1,Pullus,0
118962,6/20/1997,20,6,1997,1,Pullus,0
118963,6/20/1997,20,6,1997,1,Pullus,0
118964,6/20/1997,20,6,1997,1,Pullus,0
118965,6/21/1997,21,6,1997,1,Pullus,0
118966,6/21/1997,21,6,1997,1,Pullus,0
118967,6/22/1997,22,6,1997,1,Pullus,0
118968,6/22/1997,22,6,1997,1,Pullus,0
118969,6/22/1997,22,6,1997,1,Pullus,0
118970,6/22/1997,22,6,1997,1,Pullus,0
118971,6/22/1997,22,6,1997,1,Pullus,0
118972,6/23/1997,23,6,1997,1,Pullus,0
118973,6/23/1997,23,6,1997,1,Pullus,0
118974,6/23/1997,23,6,1997,1,Pullus,0
118975,6/24/1997,24,6,1997,1,Pullus,0
118976,6/24/1997,24,6,1997,1,Pullus,0
118977,6/25/1997,25,6,1997,1,Pullus,0
118978,6/25/1997,25,6,1997,1,Pullus,0
118979,6/25/1997,25,6,1997,1,Pullus,0
118980,6/26/1997,26,6,1997,1,Pullus,0
118981,6/27/1997,27,6,1997,1,Pullus,0
118982,6/27/1997,27,6,1997,1,Pullus,0
118983,6/27/1997,27,6,1997,1,Pullus,0
118984,6/28/1997,28,6,1997,1,Pullus,0
118985,6/28/1997,28,6,1997,1,Pullus,0
118986,6/7/1998,7,6,1998,1,Pullus,0
118987,6/7/1998,7,6,1998,1,Pullus,0
118988,6/7/1998,7,6,1998,1,Pullus,0
118989,6/7/1998,7,6,1998,1,Pullus,0
118990,6/8/1998,8,6,1998,1,Pullus,0
118991,6/8/1998,8,6,1998,1,Pullus,0
118992,6/22/1998,22,6,1998,1,Pullus,M
118993,6/22/1998,22,6,1998,1,Pullus,M
118994,6/22/1998,22,6,1998,1,Pullus,M
118995,6/23/1998,23,6,1998,1,Pullus,M
118996,6/23/1998,23,6,1998,1,Pullus,M
118997,6/24/1998,24,6,1998,1,Pullus,M
118998,6/25/1998,25,6,1998,1,Pullus,M
118999,6/25/1998,25,6,1998,1,Pullus,M
119000,6/25/1998,25,6,1998,1,Pullus,M
119351,6/25/2003,25,6,2003,1,Pullus,M
119352,6/25/2003,25,6,2003,1,Pullus,M
119353,6/25/2003,25,6,2003,1,Pullus,M
119354,6/26/2003,26,6,2003,1,Pullus,M
119355,6/26/2003,26,6,2003,1,Pullus,M
119356,6/26/2003,26,6,2003,1,Pullus,M
119357,6/27/2003,27,6,2003,1,Pullus,M
119358,6/27/2003,27,6,2003,1,Pullus,M
119359,6/27/2003,27,6,2003,1,Pullus,M
119360,6/27/2003,27,6,2003,1,Pullus,M
119361,6/30/2003,30,6,2003,1,Pullus,M
119362,6/30/2003,30,6,2003,1,Pullus,M
119363,6/30/2003,30,6,2003,1,Pullus,M
119364,6/30/2003,30,6,2003,1,Pullus,M
119365,7/1/2003,1,7,2003,1,Pullus,M
119366,7/1/2003,1,7,2003,1,Pullus,M
119367,7/2/2003,2,7,2003,1,Pullus,M
119368,7/2/2003,2,7,2003,1,Pullus,M
119369,7/2/2003,2,7,2003,1,Pullus,F
119371,6/19/2004,19,6,2004,1,Pullus,M
119372,6/19/2004,19,6,2004,1,Pullus,M
119373,6/19/2004,19,6,2004,1,Pullus,M
119374,6/19/2004,19,6,2004,1,Pullus,M
119375,6/19/2004,19,6,2004,1,Pullus,M
119376,6/19/2004,19,6,2004,1,Pullus,M
119377,6/19/2004,19,6,2004,1,Pullus,M
119378,6/19/2004,19,6,2004,1,Pullus,M
119379,6/19/2004,19,6,2004,1,Pullus,M
119380,6/19/2004,19,6,2004,1,Pullus,M
119381,6/20/2004,20,6,2004,1,Pullus,M
119382,6/20/2004,20,6,2004,1,Pullus,M
119383,6/20/2004,20,6,2004,1,Pullus,M
119384,6/20/2004,20,6,2004,1,Pullus,M
119385,6/20/2004,20,6,2004,1,Pullus,M
119386,6/20/2004,20,6,2004,1,Pullus,M
119387,6/21/2004,21,6,2004,1,Pullus,M
119388,6/21/2004,21,6,2004,1,Pullus,M
119389,6/21/2004,21,6,2004,1,Pullus,M
119390,6/22/2004,22,6,2004,1,Pullus,M
119391,6/23/2004,23,6,2004,1,Pullus,M
119392,6/23/2004,23,6,2004,1,Pullus,M
119393,6/24/2004,24,6,2004,1,Pullus,M
119394,6/24/2004,24,6,2004,1,Pullus,M
119395,6/24/2004,24,6,2004,1,Pullus,M
119396,6/24/2004,24,6,2004,1,Pullus,M
119397,6/25/2004,25,6,2004,1,Pullus,M
119398,6/25/2004,25,6,2004,1,Pullus,M
119399,6/26/2004,26,6,2004,1,Pullus,M
119400,6/26/2004,26,6,2004,1,Pullus,M
123501,6/24/2000,24,6,2000,1,Pullus,M
123502,6/25/2000,25,6,2000,1,Pullus,M
123503,6/25/2000,25,6,2000,1,Pullus,F
123504,6/25/2000,25,6,2000,1,Pullus,M
123505,6/28/2000,28,6,2000,1,Pullus,0
123506,6/29/2000,29,6,2000,1,Pullus,M
123507,6/29/2000,29,6,2000,1,Pullus,M
123508,6/19/2001,19,6,2001,1,Pullus,M
123509,6/19/2001,19,6,2001,1,Pullus,M
123510,6/20/2001,20,6,2001,1,Pullus,0
123511,6/20/2001,20,6,2001,1,Pullus,0
123512,6/22/2001,22,6,2001,1,Pullus,M
123513,6/25/2001,25,6,2001,1,Pullus,M
123514,6/25/2001,25,6,2001,1,Pullus,M
123515,6/26/2001,26,6,2001,1,Pullus,M
123516,6/26/2001,26,6,2001,1,Pullus,M
123517,6/26/2001,26,6,2001,1,Pullus,M
123518,6/26/2001,26,6,2001,1,Pullus,M
123519,6/26/2001,26,6,2001,1,Pullus,M
123520,6/27/2001,27,6,2001,1,Pullus,M
123521,6/27/2001,27,6,2001,1,Pullus,M
123522,6/28/2001,28,6,2001,1,Pullus,M
123523,6/20/2002,20,6,2002,1,Pullus,M
123524,6/20/2002,20,6,2002,1,Pullus,M
123525,6/21/2002,21,6,2002,1,Pullus,M
123526,6/21/2002,21,6,2002,1,Pullus,M
123527,6/23/2002,23,6,2002,1,Pullus,M
123528,6/23/2002,23,6,2002,1,Pullus,M
123529,6/24/2002,24,6,2002,1,Pullus,M
123530,6/26/2002,26,6,2002,1,Pullus,M
123531,6/26/2002,26,6,2002,1,Pullus,M
123532,6/26/2002,26,6,2002,1,Pullus,M
123533,6/26/2002,26,6,2002,1,Pullus,M
123534,6/27/2002,27,6,2002,1,Pullus,M
123535,6/28/2002,28,6,2002,1,Pullus,M
123536,6/28/2002,28,6,2002,1,Pullus,M
123537,7/4/2002,4,7,2002,1,Pullus,M
123538,7/4/2002,4,7,2002,1,Pullus,M
123539,6/22/2003,22,6,2003,1,Pullus,0
123540,6/22/2003,22,6,2003,1,Pullus,0
123541,6/22/2003,22,6,2003,1,Pullus,0
123542,6/23/2003,23,6,2003,1,Pullus,M
123543,6/23/2003,23,6,2003,1,Pullus,M
123544,6/23/2003,23,6,2003,1,Pullus,M
123545,6/24/2003,24,6,2003,1,Pullus,M
123546,6/24/2003,24,6,2003,1,Pullus,M
123547,6/24/2003,24,6,2003,1,Pullus,M
123548,6/24/2003,24,6,2003,1,Pullus,M
123549,6/24/2003,24,6,2003,1,Pullus,M
123550,6/24/2003,24,6,2003,1,Pullus,M
123952,6/30/2007,30,6,2007,1,Pullus,M
123955,6/16/2008,16,6,2008,1,Pullus,M
123956,6/16/2008,16,6,2008,1,Pullus,M
123957,6/16/2008,16,6,2008,1,Pullus,M
123958,6/18/2008,18,6,2008,1,Pullus,M
123959,6/18/2008,18,6,2008,1,Pullus,M
123960,6/18/2008,18,6,2008,1,Pullus,M
123961,6/18/2008,18,6,2008,1,Pullus,M
123962,6/21/2008,21,6,2008,1,Pullus,M
123963,6/21/2008,21,6,2008,1,Pullus,M
123964,6/21/2008,21,6,2008,1,Pullus,M
123965,6/21/2008,21,6,2008,1,Pullus,M
123966,6/24/2008,24,6,2008,1,Pullus,M
123967,6/25/2008,25,6,2008,1,Pullus,M
123968,6/25/2008,25,6,2008,1,Pullus,M
123969,6/26/2008,26,6,2008,1,Pullus,M
123970,6/26/2008,26,6,2008,1,Pullus,M
123971,6/27/2008,27,6,2008,1,Pullus,M
123972,6/27/2008,27,6,2008,1,Pullus,M
123973,6/27/2008,27,6,2008,1,Pullus,M
123974,6/27/2008,27,6,2008,1,Pullus,M
123975,6/27/2008,27,6,2008,1,Pullus,M
123976,6/27/2008,27,6,2008,1,Pullus,M
123978,6/16/2009,16,6,2009,1,Pullus,0
123979,6/20/2009,16,6,2009,1,Pullus,0
123980,6/20/2009,16,6,2009,1,Pullus,M
123981,6/20/2009,16,6,2009,1,Pullus,M
123982,6/21/2009,21,6,2009,1,Pullus,M
123983,6/21/2009,21,6,2009,1,Pullus,M
123984,6/22/2009,22,6,2009,1,Pullus,M
123985,6/22/2009,22,6,2009,1,Pullus,M
123986,6/22/2009,22,6,2009,1,Pullus,M
123987,6/23/2009,23,6,2009,1,Pullus,M
123988,6/23/2009,23,6,2009,1,Pullus,M
123989,6/23/2009,23,6,2009,1,Pullus,M
123990,6/23/2009,23,6,2009,1,Pullus,M
123991,6/23/2009,23,6,2009,1,Pullus,M
123992,6/23/2009,23,6,2009,1,Pullus,M
123993,6/23/2009,23,6,2009,1,Pullus,M
123994,6/24/2009,24,6,2009,1,Pullus,M
123995,6/24/2009,24,6,2009,1,Pullus,M
123996,6/24/2009,24,6,2009,1,Pullus,M
123997,6/24/2009,24,6,2009,1,Pullus,M
123998,6/26/2009,26,6,2009,1,Pullus,M
123999,6/26/2009,26,6,2009,1,Pullus,M
124000,6/26/2009,26,6,2009,1,Pullus,M
124001,6/16/2010,16,6,2010,1,Pullus,0
124002,6/16/2010,16,6,2010,1,Pullus,0
124003,6/16/2010,16,6,2010,1,Pullus,0
124004,6/16/2010,16,6,2010,1,Pullus,0
124005,6/16/2010,16,6,2010,1,Pullus,0
124006,6/17/2010,17,6,2010,1,Pullus,0
124007,6/17/2010,17,6,2010,1,Pullus,0
124008,6/17/2010,17,6,2010,1,Pullus,0
124009,6/18/2010,18,6,2010,1,Pullus,0
124010,6/19/2010,19,6,2010,1,Pullus,0
124011,6/19/2010,19,6,2010,1,Pullus,0
124012,6/20/2010,20,6,2010,1,Pullus,0
124013,6/20/2010,20,6,2010,1,Pullus,0
124014,6/20/2010,20,6,2010,1,Pullus,0
124015,6/21/2010,21,6,2010,1,Pullus,0
124016,6/21/2010,21,6,2010,1,Pullus,0
124017,6/23/2010,23,6,2010,1,Pullus,0
124018,6/23/2010,23,6,2010,1,Pullus,0
124019,6/23/2010,23,6,2010,1,Pullus,0
124020,6/25/2010,25,6,2010,1,Pullus,0
124021,6/16/2011,16,6,2011,1,Pullus,M
124022,6/16/2011,16,6,2011,1,Pullus,M
124023,6/16/2011,16,6,2011,1,Pullus,M
124024,6/16/2011,16,6,2011,1,Pullus,M
124025,6/17/2011,17,6,2011,1,Pullus,M
124026,6/18/2011,18,6,2011,1,Pullus,M
124027,6/19/2011,19,6,2011,1,Pullus,M
124028,6/21/2011,21,6,2011,1,Pullus,M
124029,6/21/2011,21,6,2011,1,Pullus,M
124030,6/22/2011,22,6,2011,1,Pullus,M
124031,6/23/2011,23,6,2011,1,Pullus,M
124032,6/23/2011,23,6,2011,1,Pullus,M
124033,6/23/2011,23,6,2011,1,Pullus,0
124034,6/25/2011,25,6,2011,1,Pullus,M
124035,6/25/2011,25,6,2011,1,Pullus,M
124036,6/25/2011,25,6,2011,1,Pullus,M
124037,6/25/2011,25,6,2011,1,Pullus,M
124038,6/25/2011,25,6,2011,1,Pullus,M
124039,6/25/2011,25,6,2011,1,Pullus,M
124040,6/17/2012,17,6,2012,1,Pullus,M
124041,6/17/2012,17,6,2012,1,Pullus,M
124042,6/17/2012,17,6,2012,1,Pullus,M
124043,6/18/2012,18,6,2012,1,Pullus,M
124044,6/18/2012,18,6,2012,1,Pullus,M
124045,6/18/2012,18,6,2012,1,Pullus,M
124046,6/18/2012,18,6,2012,1,Pullus,M
124047,6/18/2012,18,6,2012,1,Pullus,M
124048,6/20/2012,20,6,2012,1,Pullus,M
124049,6/20/2012,20,6,2012,1,Pullus,M
124050,6/21/2012,21,6,2012,1,Pullus,M
124351,6/21/2012,21,6,2012,1,Pullus,M
124352,6/22/2012,22,6,2012,1,Pullus,M
124353,6/23/2012,23,6,2012,1,Pullus,M
124354,6/23/2012,23,6,2012,1,Pullus,M
124355,6/23/2012,23,6,2012,1,Pullus,M
124356,6/25/2012,25,6,2012,1,Pullus,M
124357,6/25/2012,25,6,2012,1,Pullus,M
124358,6/25/2012,25,6,2012,1,Pullus,M
124359,6/26/2012,26,6,2012,1,Pullus,M
124360,6/21/2013,21,6,2013,1,Pullus,M
124361,6/21/2013,21,6,2013,1,Pullus,M
124362,6/23/2013,23,6,2013,1,Pullus,M
124363,6/24/2013,24,6,2013,1,Pullus,0
124364,6/29/2013,29,6,2013,1,Pullus,M
124365,6/29/2013,29,6,2013,1,Pullus,M
124366,6/14/2014,14,6,2014,1,Pullus,M
124367,6/14/2014,14,6,2014,1,Pullus,M
124368,6/14/2014,14,6,2014,1,Pullus,M
132301,6/25/2002,25,6,2002,1,Pullus,F
132302,6/25/2002,25,6,2002,1,Pullus,F
132303,6/27/2002,27,6,2002,1,Pullus,F
132304,6/27/2002,27,6,2002,1,Pullus,F
132305,6/28/2002,28,6,2002,1,Pullus,F
132306,6/20/2003,20,6,2003,1,Pullus,0
132307,6/20/2003,20,6,2003,1,Pullus,0
132308,6/23/2003,23,6,2003,1,Pullus,F
132309,6/24/2003,24,6,2003,1,Pullus,F
132310,6/24/2003,24,6,2003,1,Pullus,F
132311,6/23/2003,23,6,2003,1,Pullus,F
132312,6/23/2003,23,6,2003,1,Pullus,F
132313,6/24/2003,24,6,2003,1,Pullus,F
132314,6/24/2003,24,6,2003,1,Pullus,F
132315,6/25/2003,25,6,2003,1,Pullus,F
132316,6/25/2003,25,6,2003,1,Pullus,F
132317,6/25/2003,25,6,2003,1,Pullus,F
132318,6/25/2003,25,6,2003,1,Pullus,F
132319,6/25/2003,25,6,2003,1,Pullus,F
132320,6/30/2003,30,6,2003,1,Pullus,F
132321,6/27/2003,27,6,2003,1,Pullus,F
132322,6/27/2003,27,6,2003,1,Pullus,F
132323,6/30/2003,30,6,2003,1,Pullus,F
132325,6/30/2003,30,6,2003,1,Pullus,F
132327,6/19/2004,19,6,2004,1,Pullus,F
132328,6/19/2004,19,6,2004,1,Pullus,F
132329,6/19/2004,19,6,2004,1,Pullus,F
132330,6/19/2004,19,6,2004,1,Pullus,F
132331,6/20/2004,20,6,2004,1,Pullus,F
132332,6/21/2004,21,6,2004,1,Pullus,F
132333,6/21/2004,21,6,2004,1,Pullus,F
132334,6/22/2004,22,6,2004,1,Pullus,F
132335,6/22/2004,22,6,2004,1,Pullus,F
132336,6/22/2004,22,6,2004,1,Pullus,F
132337,6/23/2004,23,6,2004,1,Pullus,F
132338,6/24/2004,24,6,2004,1,Pullus,F
132339,6/24/2004,24,6,2004,1,Pullus,F
132340,6/24/2004,24,6,2004,1,Pullus,F
132341,6/25/2004,25,6,2004,1,Pullus,F
132342,6/25/2004,25,6,2004,1,Pullus,F
132343,6/25/2004,25,6,2004,1,Pullus,F
132344,6/25/2004,25,6,2004,1,Pullus,F
132345,6/26/2004,26,6,2004,1,Pullus,F
132346,6/26/2004,26,6,2004,1,Pullus,F
132347,6/27/2004,27,6,2004,1,Pullus,F
132451,6/21/2005,21,6,2005,1,Pullus,0
132452,6/21/2005,21,6,2005,1,Pullus,F
132453,6/21/2005,21,6,2005,1,Pullus,F
132454,6/21/2005,21,6,2005,1,Pullus,F
132455,6/22/2005,22,6,2005,1,Pullus,F
132456,6/23/2005,23,6,2005,1,Pullus,F
132457,6/23/2005,23,6,2005,1,Pullus,F
132458,6/24/2005,24,6,2005,1,Pullus,F
132459,6/24/2005,24,6,2005,1,Pullus,F
132460,6/21/2005,21,6,2005,1,Pullus,0
132461,6/24/2005,24,6,2005,1,Pullus,0
132462,6/24/2005,24,6,2005,1,Pullus,0
132463,6/24/2005,24,6,2005,1,Pullus,0
132464,6/28/2005,28,6,2005,1,Pullus,F
132465,6/28/2005,28,6,2005,1,Pullus,F
132466,6/29/2005,29,6,2005,1,Pullus,F
132467,6/29/2005,29,6,2005,1,Pullus,F
132468,6/30/2005,30,6,2005,1,Pullus,F
132488,6/20/2006,20,6,2006,1,Pullus,0
132489,6/20/2006,20,6,2006,1,Pullus,0
132490,6/20/2006,20,6,2006,1,Pullus,F
132491,6/21/2006,21,6,2006,1,Pullus,F
132492,6/21/2006,21,6,2006,1,Pullus,F
132493,6/25/2006,25,6,2006,1,Pullus,F
132494,6/25/2006,25,6,2006,1,Pullus,F
132495,6/28/2006,28,6,2006,1,Pullus,0
132498,6/19/2007,19,6,2007,1,Pullus,F
132499,6/19/2007,19,6,2007,1,Pullus,F
132702,6/19/2007,19,6,2007,1,Pullus,F
132703,6/20/2007,20,6,2007,1,Pullus,F
132704,6/20/2007,20,6,2007,1,Pullus,F
132705,6/20/2007,20,6,2007,1,Pullus,F
132706,6/20/2007,20,6,2007,1,Pullus,F
132707,6/20/2007,20,6,2007,1,Pullus,F
132708,6/20/2007,20,6,2007,1,Pullus,F
132709,6/21/2007,21,6,2007,1,Pullus,F
132710,6/21/2007,21,6,2007,1,Pullus,F
132711,6/22/2007,22,6,2007,1,Pullus,F
132712,6/22/2007,22,6,2007,1,Pullus,F
132713,6/22/2007,22,6,2007,1,Pullus,F
132714,6/24/2007,24,6,2007,1,Pullus,F
132715,6/24/2007,24,6,2007,1,Pullus,F
132716,6/24/2007,24,6,2007,1,Pullus,F
132717,6/24/2007,24,6,2007,1,Pullus,F
132718,6/24/2007,24,6,2007,1,Pullus,F
132719,6/24/2007,24,6,2007,1,Pullus,F
132720,6/24/2007,24,6,2007,1,Pullus,F
132721,6/24/2007,24,6,2007,1,Pullus,F
132722,6/25/2007,25,6,2007,1,Pullus,F
132723,6/29/2007,29,6,2007,1,Pullus,F
132724,6/29/2007,29,6,2007,1,Pullus,F
132725,6/30/2007,30,6,2007,1,Pullus,F
132726,6/30/2007,30,6,2007,1,Pullus,F
132727,6/30/2007,30,6,2007,1,Pullus,F
132730,6/16/2008,16,6,2008,1,Pullus,F
132731,6/16/2008,16,6,2008,1,Pullus,F
132732,6/18/2008,18,6,2008,1,Pullus,F
132733,6/18/2008,18,6,2008,1,Pullus,0
132734,6/21/2008,21,6,2008,1,Pullus,F
132735,6/21/2008,21,6,2008,1,Pullus,0
132736,6/21/2008,21,6,2008,1,Pullus,0
132737,6/22/2008,22,6,2008,1,Pullus,F
132738,6/23/2008,23,6,2008,1,Pullus,F
132739,6/26/2008,26,6,2008,1,Pullus,F
132740,6/26/2008,26,6,2008,1,Pullus,F
132741,6/26/2008,26,6,2008,1,Pullus,0
132742,6/26/2008,26,6,2008,1,Pullus,0
132743,6/27/2008,27,6,2008,1,Pullus,F
132744,6/20/2009,16,6,2009,1,Pullus,0
132745,6/20/2009,16,6,2009,1,Pullus,0
132746,6/20/2009,16,6,2009,1,Pullus,0
132747,6/20/2009,16,6,2009,1,Pullus,F
132748,6/20/2009,16,6,2009,1,Pullus,F
132749,6/21/2009,21,6,2009,1,Pullus,F
132750,6/22/2009,22,6,2009,1,Pullus,F
133610,6/23/2010,23,6,2010,1,Pullus,0
133611,6/25/2010,25,6,2010,1,Pullus,0
133612,6/25/2010,25,6,2010,1,Pullus,0
133615,6/16/2011,16,6,2011,1,Pullus,F
133616,6/18/2011,18,6,2011,1,Pullus,F
133617,6/19/2011,19,6,2011,1,Pullus,F
133618,6/19/2011,19,6,2011,1,Pullus,F
133619,6/16/2011,16,6,2011,1,Pullus,F
133620,6/16/2011,16,6,2011,1,Pullus,0
133621,6/20/2012,20,6,2012,1,Pullus,F
133622,6/21/2012,21,6,2012,1,Pullus,F
133623,6/21/2012,21,6,2012,1,Pullus,F
133624,6/21/2012,21,6,2012,1,Pullus,F
133625,6/21/2012,21,6,2012,1,Pullus,F
133626,6/21/2012,21,6,2012,1,Pullus,F
133627,6/22/2012,22,6,2012,1,Pullus,F
133628,6/22/2012,22,6,2012,1,Pullus,F
133629,6/22/2012,22,6,2012,1,Pullus,0
133630,6/22/2012,22,6,2012,1,Pullus,F
133631,6/17/2013,17,6,2013,1,Pullus,0
133632,6/17/2013,17,6,2013,1,Pullus,0
133633,6/19/2013,19,6,2013,1,Pullus,0
133634,6/19/2013,19,6,2013,1,Pullus,0
133635,6/19/2013,19,6,2013,1,Pullus,0
133636,6/21/2013,21,6,2013,1,Pullus,F
133637,6/23/2013,23,6,2013,1,Pullus,F
133638,6/23/2013,23,6,2013,1,Pullus,F
133639,6/23/2013,23,6,2013,1,Pullus,F
133640,6/24/2013,24,6,2013,1,Pullus,0
133641,6/29/2013,29,6,2013,1,Pullus,0
133642,6/29/2013,29,6,2013,1,Pullus,0
133643,6/29/2013,29,6,2013,1,Pullus,0
133644,6/29/2013,29,6,2013,1,Pullus,0
134301,6/23/2009,23,6,2009,1,Pullus,F
134302,6/23/2009,23,6,2009,1,Pullus,F
134303,6/23/2009,23,6,2009,1,Pullus,F
134304,6/23/2009,23,6,2009,1,Pullus,F
134305,6/23/2009,23,6,2009,1,Pullus,F
134306,6/24/2009,24,6,2009,1,Pullus,F
134307,6/26/2009,26,6,2009,1,Pullus,F
134308,6/26/2009,26,6,2009,1,Pullus,F
134309,6/27/2009,27,6,2009,1,Pullus,F
134310,6/27/2009,27,6,2009,1,Pullus,0
134311,6/27/2009,27,6,2009,1,Pullus,0
134312,6/28/2009,28,6,2009,1,Pullus,0
134313,6/28/2009,28,6,2009,1,Pullus,0
134314,6/29/2009,29,6,2009,1,Pullus,F
134315,6/29/2009,29,6,2009,1,Pullus,M
134316,6/29/2009,29,6,2009,1,Pullus,F
134317,6/29/2009,29,6,2009,1,Pullus,F
134322,6/16/2010,16,6,2010,1,Pullus,0
134323,6/16/2010,16,6,2010,1,Pullus,0
134324,6/16/2010,16,6,2010,1,Pullus,0
134325,6/20/2010,20,6,2010,1,Pullus,0
134326,6/20/2010,20,6,2010,1,Pullus,0
134327,6/20/2010,20,6,2010,1,Pullus,0
134328,6/21/2010,21,6,2010,1,Pullus,0
134329,6/21/2010,21,6,2010,1,Pullus,0
134330,6/21/2010,21,6,2010,1,Pullus,0
134331,6/21/2010,21,6,2010,1,Pullus,0
134332,6/21/2010,21,6,2010,1,Pullus,0
134333,6/16/2010,16,6,2010,1,Pullus,F
134334,6/17/2010,17,6,2010,1,Pullus,0
134335,6/18/2010,18,6,2010,1,Pullus,0
134336,6/18/2010,18,6,2010,1,Pullus,0
134337,6/18/2010,18,6,2010,1,Pullus,0
134338,6/18/2010,18,6,2010,1,Pullus,0
134339,6/18/2010,18,6,2010,1,Pullus,0
134340,6/18/2010,18,6,2010,1,Pullus,0
134341,6/19/2010,19,6,2010,1,Pullus,0
134342,6/19/2010,19,6,2010,1,Pullus,0
134343,6/19/2010,19,6,2010,1,Pullus,0
134344,6/19/2010,19,6,2010,1,Pullus,0
134345,6/20/2010,20,6,2010,1,Pullus,0
134346,6/22/2010,22,6,2010,1,Pullus,0
134347,6/22/2010,22,6,2010,1,Pullus,0
134348,6/22/2010,22,6,2010,1,Pullus,0
134349,6/22/2010,22,6,2010,1,Pullus,0
134350,6/23/2010,23,6,2010,1,Pullus,0
137151,6/19/2011,19,6,2011,1,Pullus,0
137152,6/20/2011,20,6,2011,1,Pullus,F
137153,6/20/2011,20,6,2011,1,Pullus,F
137154,6/20/2011,20,6,2011,1,Pullus,F
137155,6/21/2011,21,6,2011,1,Pullus,0
137156,6/21/2011,21,6,2011,1,Pullus,0
137157,6/21/2011,21,6,2011,1,Pullus,F
137158,6/23/2011,23,6,2011,1,Pullus,F
137159,6/23/2011,23,6,2011,1,Pullus,F
137160,6/19/2011,19,6,2011,1,Pullus,F
137161,6/25/2011,25,6,2011,1,Pullus,F
137162,6/25/2011,25,6,2011,1,Pullus,F
137163,6/25/2011,25,6,2011,1,Pullus,F
137164,6/25/2011,25,6,2011,1,Pullus,F
137168,6/17/2012,17,6,2012,1,Pullus,F
137169,6/17/2012,17,6,2012,1,Pullus,F
137170,6/17/2012,17,6,2012,1,Pullus,F
137171,6/17/2012,17,6,2012,1,Pullus,F
137172,6/18/2012,18,6,2012,1,Pullus,F
137173,6/18/2012,18,6,2012,1,Pullus,F
137174,6/18/2012,18,6,2012,1,Pullus,F
137175,6/19/2012,19,6,2012,1,Pullus,0
137176,6/19/2012,19,6,2012,1,Pullus,0
137177,6/19/2012,19,6,2012,1,Pullus,0
137178,6/20/2012,20,6,2012,1,Pullus,F
137179,6/20/2012,20,6,2012,1,Pullus,F
137180,6/20/2012,20,6,2012,1,Pullus,F
137181,6/22/2012,22,6,2012,1,Pullus,0
137182,6/22/2012,22,6,2012,1,Pullus,0
137183,6/22/2012,22,6,2012,1,Pullus,0
137184,6/22/2012,22,6,2012,1,Pullus,0
137185,6/26/2012,26,6,2012,1,Pullus,F
137186,6/26/2012,26,6,2012,1,Pullus,F
137187,6/28/2012,28,6,2012,1,Pullus,0
137188,6/28/2012,28,6,2012,1,Pullus,0
137189,6/28/2012,28,6,2012,1,Pullus,0
137191,6/14/2014,14,6,2014,1,Pullus,F
V_FaRu0001,6/17/2014,17,6,2014,1,Pullus,M
V_FaRu0002,6/17/2014,17,6,2014,1,Pullus,F
V_FaRu0003,6/17/2014,17,6,2014,1,Pullus,F
V_FaRu0004,6/17/2014,17,6,2014,1,Pullus,M
V_FaRu0005,6/17/2014,17,6,2014,1,Pullus,F
V_FaRu0006,6/17/2014,17,6,2014,1,Pullus,F
V_FaRu0007,6/17/2014,17,6,2014,1,Pullus,M
V_FaRu0008,6/17/2014,17,6,2014,1,Pullus,F
V_FaRu0009,6/17/2014,17,6,2014,1,Pullus,F
V_FaRu0010,6/17/2014,17,6,2014,1,Pullus,F
V_FaRu0011,6/18/2014,18,6,2014,1,Pullus,M
V_FaRu0012,6/18/2014,18,6,2014,1,Pullus,M
V_FaRu0013,6/18/2014,18,6,2014,1,Pullus,M
V_FaRu0014,6/18/2014,18,6,2014,1,Pullus,F
V_FaRu0015,6/18/2014,18,6,2014,1,Pullus,M
V_FaRu0016,6/18/2014,18,6,2014,1,Pullus,F
V_FaRu0017,6/18/2014,18,6,2014,1,Pullus,M
V_FaRu0018,6/18/2014,18,6,2014,1,Pullus,F
V_FaRu0019,6/18/2014,18,6,2014,1,Pullus,F
V_FaRu0020,6/18/2014,18,6,2014,1,Pullus,F
V_FaRu0021,6/20/2014,20,6,2014,1,Pullus,F
V_FaRu0022,6/20/2014,20,6,2014,1,Pullus,F
V_FaRu0023,6/20/2014,20,6,2014,1,Pullus,F
V_FaRu0024,6/20/2014,20,6,2014,1,Pullus,M
V_FaRu0025,6/20/2014,20,6,2014,1,Pullus,M
V_FaRu0026,6/20/2014,20,6,2014,1,Pullus,M
V_FaRu0027,6/20/2014,20,6,2014,1,Pullus,M
V_FaRu0028,6/20/2014,20,6,2014,1,Pullus,M
V_FaRu0029,6/20/2014,20,6,2014,1,Pullus,F
V_FaRu0030,6/20/2014,20,6,2014,1,Pullus,F
V_FaRu0031,6/20/2014,20,6,2014,1,Pullus,M
V_FaRu0032,6/20/2014,20,6,2014,1,Pullus,M
V_FaRu0033,6/21/2014,21,6,2014,1,Pullus,F
V_FaRu0034,6/21/2014,21,6,2014,1,Pullus,M
V_FaRu0035,6/21/2014,21,6,2014,1,Pullus,F
V_FaRu0036,6/21/2014,21,6,2014,1,Pullus,M
V_FaRu0037,6/21/2014,21,6,2014,1,Pullus,F
V_FaRu0038,6/21/2014,21,6,2014,1,Pullus,M
V_FaRu0039,6/21/2014,21,6,2014,1,Pullus,M
V_FaRu0040,6/22/2014,22,6,2014,1,Pullus,F
V_FaRu0041,6/22/2014,22,6,2014,1,Pullus,M
V_FaRu0042,6/22/2014,22,6,2014,1,Pullus,F
V_FaRu0043,6/22/2014,22,6,2014,1,Pullus,M
V_FaRu0044,6/23/2014,23,6,2014,1,Pullus,M
V_FaRu0045,6/23/2014,23,6,2014,1,Pullus,M
V_FaRu0046,6/23/2014,23,6,2014,1,Pullus,M
V_FaRu0047,6/23/2014,23,6,2014,1,Pullus,M
V_FaRu0048,6/23/2014,23,6,2014,1,Pullus,F
V_FaRu0049,6/23/2014,23,6,2014,1,Pullus,F
V_FaRu0050,6/24/2014,24,6,2014,1,Pullus,M
V_FaRu0051,6/24/2014,24,6,2014,1,Pullus,M
V_FaRu0052,6/24/2014,24,6,2014,1,Pullus,M
V_FaRu0053,6/24/2014,24,6,2014,1,Pullus,M
V_FaRu0054,6/25/2014,25,6,2014,1,Pullus,0
V_FaRu0055,6/25/2014,25,6,2014,1,Pullus,0
V_FaRu0056,6/27/2014,27,6,2014,1,Pullus,F
V_FaRu0057,6/14/2015,14,6,2015,1,Pullus,M
V_FaRu0058,6/16/2015,16,6,2015,1,Pullus,F
V_FaRu0059,6/16/2015,16,6,2015,1,Pullus,F
V_FaRu0060,6/16/2015,16,6,2015,1,Pullus,M
V_FaRu0061,6/16/2015,16,6,2015,1,Pullus,F
V_FaRu0062,6/17/2015,17,6,2015,1,Pullus,M
V_FaRu0063,6/17/2015,17,6,2015,1,Pullus,F
V_FaRu0064,6/17/2015,17,6,2015,1,Pullus,M
V_FaRu0065,6/19/2015,19,6,2015,1,Pullus,M
V_FaRu0066,6/19/2015,19,6,2015,1,Pullus,M
V_FaRu0067,6/19/2015,19,6,2015,1,Pullus,F
V_FaRu0068,6/19/2015,19,6,2015,1,Pullus,F
V_FaRu0069,6/19/2015,19,6,2015,1,Pullus,F
V_FaRu0070,6/19/2015,19,6,2015,1,Pullus,F
V_FaRu0071,6/19/2015,19,6,2015,1,Pullus,F
V_FaRu0072,6/19/2015,19,6,2015,1,Pullus,M
V_FaRu0073,6/20/2015,20,6,2015,1,Pullus,M
V_FaRu0074,6/20/2015,20,6,2015,1,Pullus,M
V_FaRu0075,6/20/2015,20,6,2015,1,Pullus,M
V_FaRu0076,6/20/2015,20,6,2015,1,Pullus,M
V_FaRu0077,6/21/2015,21,6,2015,1,Pullus,M
V_FaRu0078,6/21/2015,21,6,2015,1,Pullus,M
V_FaRu0079,6/21/2015,21,6,2015,1,Pullus,F
V_FaRu0080,6/22/2015,22,6,2015,1,Pullus,M
V_FaRu0081,6/22/2015,22,6,2015,1,Pullus,M
V_FaRu0082,6/22/2015,22,6,2015,1,Pullus,M
V_FaRu0083,6/22/2015,22,6,2015,1,Pullus,F
V_FaRu0084,6/26/2015,26,6,2015,1,Pullus,F
V_FaRu0085,6/27/2015,27,6,2015,1,Pullus,F
V_FaRu0086,6/27/2015,27,6,2015,1,Pullus,M
V_FaRu0087,6/29/2015,29,6,2015,1,Pullus,M
V_FARU0088,6/29/2015,29,6,2015,1,Pullus,M
V_FaRu0089,6/14/2016,14,6,2016,1,Pullus,F
V_FaRu0090,6/14/2016,14,6,2016,1,Pullus,M
V_FaRu0091,6/14/2016,14,6,2016,1,Pullus,F
V_FaRu0092,6/15/2016,15,6,2016,1,Pullus,M
V_FaRu0093,6/15/2016,15,6,2016,1,Pullus,F
V_FaRu0094,6/15/2016,15,6,2016,1,Pullus,M
V_FaRu0095,6/15/2016,15,6,2016,1,Pullus,M
V_FARU0096,6/15/2016,15,6,2016,1,Pullus,F
V_FaRu0097,6/15/2016,15,6,2016,1,Pullus,F
V_FaRu0098,6/15/2016,15,6,2016,1,Pullus,F
V_FaRu0099,6/15/2016,15,6,2016,1,Pullus,M
V_FaRu0100,6/15/2016,15,6,2016,1,Pullus,F
V_FaRu0101,6/16/2016,16,6,2016,1,Pullus,F
V_FaRu0102,6/16/2016,16,6,2016,1,Pullus,F
V_FaRu0103,6/17/2016,17,6,2016,1,Pullus,M
V_FaRu0104,6/17/2016,17,6,2016,1,Pullus,F
V_FaRu0105,6/17/2016,17,6,2016,1,Pullus,F
V_FaRu0106,6/18/2016,18,6,2016,1,Pullus,F
V_FaRu0107,6/24/2016,24,6,2016,1,Pullus,M
V_FaRu0108,6/24/2016,24,6,2016,1,Pullus,F
V_FaRu0109,6/24/2016,24,6,2016,1,Pullus,M
V_FaRu0110,6/27/2016,27,6,2016,1,Pullus,M
V_FaRu0111,6/27/2016,27,6,2016,1,Pullus,M
V_FaRu0112,6/27/2016,27,6,2016,1,Pullus,F
V_FaRu0113,6/27/2016,27,6,2016,1,Pullus,F
